edition,division,problem,system,timeout,szs_status,expected,verdict,wall_time_s,peak_memory_mb,failure_detail,processed_per_s,raw_stdout_path,raw_stderr_path,raw_stdout_sha256,raw_stderr_sha256
casc-j13,ueq,ALG212-10,mrs,180,Timeout,Unsatisfiable,unknown,178.439,15374,strategies=8 workers=8 strategy_ids=0:4;1:8;2:12;3:11;4:2;5:14;6:15;7:1 result=Timeout elapsed_ms=178258 timeout=8 saturated=0 processed=11457 generated=1591185 passive=100082 weight_discarded=0 lrs_discarded=1436323 fwd_subsumed=43384 shared_published=0 shared_imported=0,64.3,raw/mrs/ueq/ALG212-10.stdout,raw/mrs/ueq/ALG212-10.stderr,6171cf9f0937f0534fda84234a5a9fc2096bba7a536bb38e1ff5b93f12ffc4bd,3ff89a716fa93be50898ca4777515bf8181664460febb0ec68d00d8d091bcbbe
casc-j13,ueq,ALG213-10,mrs,180,Timeout,Unsatisfiable,unknown,178.437,13326,strategies=8 workers=8 strategy_ids=0:4;1:8;2:12;3:11;4:2;5:14;6:15;7:1 result=Timeout elapsed_ms=178268 timeout=8 saturated=0 processed=11459 generated=1338910 passive=90110 weight_discarded=0 lrs_discarded=1194817 fwd_subsumed=42582 shared_published=0 shared_imported=0,64.3,raw/mrs/ueq/ALG213-10.stdout,raw/mrs/ueq/ALG213-10.stderr,5ba6d574f852b3e0cd24724595023bbe20daeb05d445f765cfa0ac5a5ccec810,4c744c299e590e3c5fe43241fa7436b4a2fe4c73711e8b48b84cee94b9d92ae2
casc-j13,ueq,ALG240-1,mrs,180,Unsatisfiable,Unsatisfiable,ok,180.152,17422,strategies=8 workers=8 strategy_ids=0:4;1:8;2:12;3:11;4:2;5:14;6:15;7:1 result=Refutation elapsed_ms=180025 timeout=7 saturated=0 processed=15946 generated=550933 passive=55739 weight_discarded=10987 lrs_discarded=462381 fwd_subsumed=16933 shared_published=0 shared_imported=0 proof_nodes=41 proof_bytes=8925 proof_emitted=true,88.6,raw/mrs/ueq/ALG240-1.stdout,raw/mrs/ueq/ALG240-1.stderr,9d9a8732eb522f075f6904ef17b642787d8009bf440f664f122dd2b7d17e3ed8,84fb76783dc86525e17821730546c576faab67320620e99edf6b2e3a20920e01
casc-j13,ueq,ALG245-1,mrs,180,Unsatisfiable,Unsatisfiable,ok,.417,2125,strategies=8 workers=8 strategy_ids=0:4;1:8;2:12;3:11;4:2;5:14;6:15;7:1 result=Refutation elapsed_ms=324 timeout=7 saturated=0 processed=341 generated=7981 passive=7639 weight_discarded=72 lrs_discarded=0 fwd_subsumed=70 shared_published=0 shared_imported=0 proof_nodes=23 proof_bytes=4407 proof_emitted=true,1052.5,raw/mrs/ueq/ALG245-1.stdout,raw/mrs/ueq/ALG245-1.stderr,a7baa89f2442d6cd651e27f2ce7592f8a7bf8cf163af04d2fe5487281c08024d,82c3714ef8350882c59277b08c1467757599d3f6eb18dc0ce514a30893942c97
casc-j13,ueq,ALG246-1,mrs,180,Timeout,Unsatisfiable,unknown,178.897,15374,strategies=8 workers=8 strategy_ids=0:4;1:8;2:12;3:11;4:2;5:14;6:15;7:1 result=Timeout elapsed_ms=178717 timeout=8 saturated=0 processed=20559 generated=1396610 passive=109842 weight_discarded=919 lrs_discarded=1228614 fwd_subsumed=37721 shared_published=0 shared_imported=0,115.0,raw/mrs/ueq/ALG246-1.stdout,raw/mrs/ueq/ALG246-1.stderr,bd65be81a8cbab9c757896b6ffee064c043ccf5e66019c863e95ccdf1931fb93,4bb857bf0d69a273d05029e474fdfb27f5e7e4556a83153862f045cf8555a650
casc-j13,ueq,ALG441-10,mrs,180,Timeout,Unsatisfiable,unknown,178.348,7182,strategies=8 workers=8 strategy_ids=0:4;1:8;2:12;3:11;4:2;5:14;6:15;7:1 result=Timeout elapsed_ms=178205 timeout=8 saturated=0 processed=9039 generated=912385 passive=72153 weight_discarded=0 lrs_discarded=824475 fwd_subsumed=6848 shared_published=0 shared_imported=0,50.7,raw/mrs/ueq/ALG441-10.stdout,raw/mrs/ueq/ALG441-10.stderr,970557992c57a2eab1635d7dfc65dbff9bf26e2d54d5fba0abce81250bc77f0e,0512d7e103becc9329e3b0fbecb77e27a38415f7079162ab5e2762e54420fe8f
casc-j13,ueq,ANA034-10,mrs,180,Unsatisfiable,Unsatisfiable,ok,.291,2125,strategies=8 workers=8 strategy_ids=0:4;1:8;2:12;3:11;4:2;5:14;6:15;7:1 result=Refutation elapsed_ms=213 timeout=7 saturated=0 processed=853 generated=5143 passive=4377 weight_discarded=0 lrs_discarded=0 fwd_subsumed=122 shared_published=0 shared_imported=0 proof_nodes=88 proof_bytes=17993 proof_emitted=true,4004.7,raw/mrs/ueq/ANA034-10.stdout,raw/mrs/ueq/ANA034-10.stderr,a3d9d2faa376b3b36a415e43fabb49a96cb32cc4945f53df62d06c0724eba35a,04c3ecdbd8c3cabdbb3258b0741fd2c3739419b5ddce221e9bb18050fb4d5521
casc-j13,ueq,ANA133-1,mrs,180,Timeout,Unsatisfiable,unknown,178.625,13326,strategies=8 workers=8 strategy_ids=0:4;1:8;2:12;3:11;4:2;5:14;6:15;7:1 result=Timeout elapsed_ms=178452 timeout=8 saturated=0 processed=38239 generated=639145 passive=45298 weight_discarded=46 lrs_discarded=549290 fwd_subsumed=6429 shared_published=0 shared_imported=0,214.3,raw/mrs/ueq/ANA133-1.stdout,raw/mrs/ueq/ANA133-1.stderr,95cb2caf67a99e7c99c5d10c2027c0e919c55ae838b732b5d36d272c2eeef9bd,3d3a5106477fd0e49d964f6b7448f03833494055d1b77d7697ea96195adf4621
casc-j13,ueq,ARI764-1,mrs,180,Timeout,Unsatisfiable,unknown,180.000,,,,raw/mrs/ueq/ARI764-1.stdout,raw/mrs/ueq/ARI764-1.stderr,e3b0c44298fc1c149afbf4c8996fb92427ae41e4649b934ca495991b7852b855,a8d0df75593a396b3638d2ffab06b1a925bd11b626b3ddb8e206e1bb98f3883b
casc-j13,ueq,ARI764-2,mrs,180,Timeout,Unsatisfiable,unknown,180.000,,,,raw/mrs/ueq/ARI764-2.stdout,raw/mrs/ueq/ARI764-2.stderr,e3b0c44298fc1c149afbf4c8996fb92427ae41e4649b934ca495991b7852b855,c6e4ea955991abf86a5b6e312fffcca78e8bc84bff01cddb3148638b60aac1cb
casc-j13,ueq,ARI764-3,mrs,180,Timeout,Unsatisfiable,unknown,178.278,6157,strategies=8 workers=8 strategy_ids=0:4;1:8;2:12;3:11;4:2;5:14;6:15;7:1 result=Timeout elapsed_ms=178147 timeout=8 saturated=0 processed=20438 generated=841810 passive=49110 weight_discarded=69 lrs_discarded=762776 fwd_subsumed=9578 shared_published=0 shared_imported=0,114.7,raw/mrs/ueq/ARI764-3.stdout,raw/mrs/ueq/ARI764-3.stderr,f898ed794653b3e9e747c54740e406ff82f34f9d688554be7d98bbd8d9024a8e,00a68a2e43c053e84573cb22870148a100540224d323c980168cdd625ac13b90
casc-j13,ueq,ARI765-1,mrs,180,Timeout,Unsatisfiable,unknown,178.288,6157,strategies=8 workers=8 strategy_ids=0:4;1:8;2:12;3:11;4:2;5:14;6:15;7:1 result=Timeout elapsed_ms=178146 timeout=8 saturated=0 processed=30147 generated=969508 passive=50345 weight_discarded=0 lrs_discarded=877757 fwd_subsumed=11405 shared_published=0 shared_imported=0,169.2,raw/mrs/ueq/ARI765-1.stdout,raw/mrs/ueq/ARI765-1.stderr,77744ed624d66684cd92f31badeb47c1af27823f910a41782e4d5f46437c15b8,5c942215365381ea6055a56f160b1f77216d51bb066bf1a988d30d1691a5eadb
casc-j13,ueq,ARI765-2,mrs,180,Timeout,Unsatisfiable,unknown,178.288,6157,strategies=8 workers=8 strategy_ids=0:4;1:8;2:12;3:11;4:2;5:14;6:15;7:1 result=Timeout elapsed_ms=178159 timeout=8 saturated=0 processed=27721 generated=1094280 passive=52231 weight_discarded=126 lrs_discarded=1003863 fwd_subsumed=10602 shared_published=0 shared_imported=0,155.6,raw/mrs/ueq/ARI765-2.stdout,raw/mrs/ueq/ARI765-2.stderr,32c7c8df44e1cdb43d7a5f3b1becd5dabf4de9b5e2aa5dd7f285222e27cea819,aea88c10cbd2c983cefd905d18c62b94dcf72ce8d2acdedf37794f301ac2e2db
casc-j13,ueq,BOO014-10,mrs,180,Timeout,Unsatisfiable,unknown,178.331,8206,strategies=8 workers=8 strategy_ids=0:4;1:8;2:12;3:11;4:2;5:14;6:15;7:1 result=Timeout elapsed_ms=178198 timeout=8 saturated=0 processed=22824 generated=790737 passive=76375 weight_discarded=0 lrs_discarded=593469 fwd_subsumed=98303 shared_published=0 shared_imported=0,128.1,raw/mrs/ueq/BOO014-10.stdout,raw/mrs/ueq/BOO014-10.stderr,74201c01afa57e1e457d050964074b75f189f036fe9802f31b0b3473428d10fc,86b59da6aed76814aaf6da9745787876d23e31c3ef74e27719207b4790c7d7af
casc-j13,ueq,BOO015-10,mrs,180,Timeout,Unsatisfiable,unknown,178.409,11278,strategies=8 workers=8 strategy_ids=0:4;1:8;2:12;3:11;4:2;5:14;6:15;7:1 result=Timeout elapsed_ms=178265 timeout=8 saturated=0 processed=21852 generated=812787 passive=53637 weight_discarded=0 lrs_discarded=642310 fwd_subsumed=95223 shared_published=0 shared_imported=0,122.6,raw/mrs/ueq/BOO015-10.stdout,raw/mrs/ueq/BOO015-10.stderr,15dc21baafd301206a29cb82fe4737a56f0addd482d1c83c0f63bc2eaa296e47,fc99216626f5c0505f66a9dc3bc8c6be400c41b63d862cd6abd679797303b4cd
casc-j13,ueq,BOO017-10,mrs,180,Unsatisfiable,Unsatisfiable,ok,.475,2125,strategies=8 workers=8 strategy_ids=0:4;1:8;2:12;3:11;4:2;5:14;6:15;7:1 result=Refutation elapsed_ms=392 timeout=7 saturated=0 processed=1516 generated=12966 passive=10640 weight_discarded=0 lrs_discarded=0 fwd_subsumed=1016 shared_published=0 shared_imported=0 proof_nodes=39 proof_bytes=7297 proof_emitted=true,3867.3,raw/mrs/ueq/BOO017-10.stdout,raw/mrs/ueq/BOO017-10.stderr,a7f71ae0e0d19e0472901be102973c6ea632303401b9a2cd9170e9c41ef07467,62fc9bb54092d2a3c627e34994bb2ca6af56a729b9720ea64a5c68d1e3926882
casc-j13,ueq,BOO023-1,mrs,180,Timeout,Unsatisfiable,unknown,178.691,15374,strategies=8 workers=8 strategy_ids=0:4;1:8;2:12;3:11;4:2;5:14;6:15;7:1 result=Timeout elapsed_ms=178590 timeout=8 saturated=0 processed=18136 generated=961582 passive=60078 weight_discarded=165 lrs_discarded=835442 fwd_subsumed=48007 shared_published=0 shared_imported=0,101.6,raw/mrs/ueq/BOO023-1.stdout,raw/mrs/ueq/BOO023-1.stderr,99a50261e86ceeb76a9dbc8abcfa8f7e78e2d7c037f2d9c4c5fd824ed404bc38,379707e85b7db77a6a92dbe6f42ff727b189c46f15c4ba4879aeb84b1bfbeea8
casc-j13,ueq,BOO073-1,mrs,180,Timeout,Unsatisfiable,unknown,180.000,,,,raw/mrs/ueq/BOO073-1.stdout,raw/mrs/ueq/BOO073-1.stderr,e3b0c44298fc1c149afbf4c8996fb92427ae41e4649b934ca495991b7852b855,b50d5de380b3bcbd50af75c03a4aacdc67b18f027de030f72acb52689fd62e92
casc-j13,ueq,BOO076-1,mrs,180,Timeout,Unsatisfiable,unknown,178.534,13326,strategies=8 workers=8 strategy_ids=0:4;1:8;2:12;3:11;4:2;5:14;6:15;7:1 result=Timeout elapsed_ms=178370 timeout=8 saturated=0 processed=12454 generated=1054690 passive=108241 weight_discarded=31558 lrs_discarded=882782 fwd_subsumed=51251 shared_published=0 shared_imported=0,69.8,raw/mrs/ueq/BOO076-1.stdout,raw/mrs/ueq/BOO076-1.stderr,fb5d432ffc3d96dc4304bd522f7d8beccd6f6629c91fca9b2ec9ec2ac1c4335b,3a8e5232419548ed6175fddb0e0326f17e39253028fbfebe865ef634781a16a5
casc-j13,ueq,COL002-10,mrs,180,Timeout,Unsatisfiable,unknown,178.486,13326,strategies=8 workers=8 strategy_ids=0:4;1:8;2:12;3:11;4:2;5:14;6:15;7:1 result=Timeout elapsed_ms=178337 timeout=8 saturated=0 processed=3790 generated=1606543 passive=171330 weight_discarded=5 lrs_discarded=1425497 fwd_subsumed=5982 shared_published=0 shared_imported=0,21.3,raw/mrs/ueq/COL002-10.stdout,raw/mrs/ueq/COL002-10.stderr,3118d505e5a443e007dd0f7e9110d8ec2b3fa7e810db613fd4a1e4878c838416,5b51bc19da2e15dd9bcf09aa3ec340065144f1c3f1810de4de6a1c5ee66023a1
casc-j13,ueq,COL002-4,mrs,180,Unsatisfiable,Unsatisfiable,ok,.093,2125,strategies=8 workers=8 strategy_ids=0:4;1:8;2:12;3:11;4:2;5:14;6:15;7:1 result=Refutation elapsed_ms=15 timeout=6 saturated=0 processed=74 generated=644 passive=620 weight_discarded=0 lrs_discarded=0 fwd_subsumed=1 shared_published=0 shared_imported=0 proof_nodes=16 proof_bytes=2654 proof_emitted=true,4933.3,raw/mrs/ueq/COL002-4.stdout,raw/mrs/ueq/COL002-4.stderr,5ea09e34d9a2e7aa4529d5695e2eb7276bc99aea09560f7b34dcea74f5c0f2ad,61b7917bd694340766f2de3101e2da1111b78b1016bd644a51321f03b89feafe
casc-j13,ueq,COL002-5,mrs,180,Unsatisfiable,Unsatisfiable,ok,.064,2125,strategies=8 workers=8 strategy_ids=0:4;1:8;2:12;3:11;4:2;5:14;6:15;7:1 result=Refutation elapsed_ms=14 timeout=7 saturated=0 processed=70 generated=610 passive=589 weight_discarded=0 lrs_discarded=0 fwd_subsumed=1 shared_published=0 shared_imported=0 proof_nodes=10 proof_bytes=2103 proof_emitted=true,5000.0,raw/mrs/ueq/COL002-5.stdout,raw/mrs/ueq/COL002-5.stderr,fd5cac5eaf07817416f3f8eaa8d6547c3c0e6ae3b5bdb832f4353e529b0c1d69,36acf1288ba255c9f08d8fd7f175a30b509c4a241affd7d1b9b9e42a9a13f889
casc-j13,ueq,COL003-1,mrs,180,Timeout,Unsatisfiable,unknown,178.352,9230,strategies=8 workers=8 strategy_ids=0:4;1:8;2:12;3:11;4:2;5:14;6:15;7:1 result=Timeout elapsed_ms=178233 timeout=8 saturated=0 processed=2208 generated=1706676 passive=171007 weight_discarded=784 lrs_discarded=1526841 fwd_subsumed=6644 shared_published=0 shared_imported=0,12.4,raw/mrs/ueq/COL003-1.stdout,raw/mrs/ueq/COL003-1.stderr,c89f7c2cd7a01df689c27e3564c4cab48baddaa861ac3d453fb7786650daa8a9,0614bb0b7c08fef90f177e4081f69112831dd96d4403d93a9f4fd1358f81e696
casc-j13,ueq,COL003-10,mrs,180,Unsatisfiable,Unsatisfiable,ok,14.145,3085,strategies=8 workers=8 strategy_ids=0:4;1:8;2:12;3:11;4:2;5:14;6:15;7:1 result=Refutation elapsed_ms=14031 timeout=7 saturated=0 processed=2585 generated=308124 passive=174651 weight_discarded=94 lrs_discarded=128246 fwd_subsumed=2704 shared_published=0 shared_imported=0 proof_nodes=43 proof_bytes=6580 proof_emitted=true,184.2,raw/mrs/ueq/COL003-10.stdout,raw/mrs/ueq/COL003-10.stderr,cb57c1b5e8b41b21d1bba8b11d5b210de11c1597d59353c5908bc2c3441f9da9,54fbd4baa867a7f178eaaacff69c16cc7c190bba578d28d5b91d7e733d6512df
casc-j13,ueq,COL004-1,mrs,180,Timeout,Unsatisfiable,unknown,178.660,21519,strategies=8 workers=8 strategy_ids=0:4;1:8;2:12;3:11;4:2;5:14;6:15;7:1 result=Timeout elapsed_ms=178498 timeout=8 saturated=0 processed=2141 generated=1108120 passive=194553 weight_discarded=3640 lrs_discarded=906985 fwd_subsumed=4464 shared_published=0 shared_imported=0,12.0,raw/mrs/ueq/COL004-1.stdout,raw/mrs/ueq/COL004-1.stderr,821a62f40ee8bfa7bd26e60a7010c156184517743de16f55677eb0d46c5b4814,c9fe9953d1be47023b3b17cc0c64740e0f836ed38bf2822ab9f04e226726bdaf
casc-j13,ueq,COL006-1,mrs,180,Timeout,Unsatisfiable,unknown,178.738,21519,strategies=8 workers=8 strategy_ids=0:4;1:8;2:12;3:11;4:2;5:14;6:15;7:1 result=Timeout elapsed_ms=178595 timeout=8 saturated=0 processed=2232 generated=1169972 passive=160548 weight_discarded=1493 lrs_discarded=1002643 fwd_subsumed=4572 shared_published=0 shared_imported=0,12.5,raw/mrs/ueq/COL006-1.stdout,raw/mrs/ueq/COL006-1.stderr,0226fe2b29b412addec19c66fb3e4c85dbe91d87700f495c5136b6ca1db93ea8,fd71bf398f709eb2d410b8395eee0a661a6fcd47278301ebb4e333dbe03b7797
casc-j13,ueq,COL006-5,mrs,180,Timeout,Unsatisfiable,unknown,178.614,15374,strategies=8 workers=8 strategy_ids=0:4;1:8;2:12;3:11;4:2;5:14;6:15;7:1 result=Timeout elapsed_ms=178477 timeout=8 saturated=0 processed=2306 generated=1010750 passive=153041 weight_discarded=2623 lrs_discarded=851194 fwd_subsumed=4250 shared_published=0 shared_imported=0,12.9,raw/mrs/ueq/COL006-5.stdout,raw/mrs/ueq/COL006-5.stderr,9eb265fc31239ec85f2cf4efaed97f66c89db0018dd25004232c3bdc7bfaff50,5bd6b64e613ec354ab8d2b070a087e2aa18968b1ebd34540e14cfc529103ee5a
casc-j13,ueq,COL006-6,mrs,180,Unsatisfiable,Unsatisfiable,ok,.257,2125,strategies=8 workers=8 strategy_ids=0:4;1:8;2:12;3:11;4:2;5:14;6:15;7:1 result=Refutation elapsed_ms=173 timeout=6 saturated=0 processed=223 generated=9692 passive=9409 weight_discarded=20 lrs_discarded=0 fwd_subsumed=96 shared_published=0 shared_imported=0 proof_nodes=24 proof_bytes=5326 proof_emitted=true,1289.0,raw/mrs/ueq/COL006-6.stdout,raw/mrs/ueq/COL006-6.stderr,3ba3a2b066839e8766296e57c55a192cd20df228615478419c497f7ab03b4087,029fe2e2490503ed8a69db21c113aa9e5157b856cb6a6ea1752744b221c998dd
casc-j13,ueq,COL006-7,mrs,180,Timeout,Unsatisfiable,unknown,178.588,17423,strategies=8 workers=8 strategy_ids=0:4;1:8;2:12;3:11;4:2;5:14;6:15;7:1 result=Timeout elapsed_ms=178445 timeout=8 saturated=0 processed=2418 generated=1167336 passive=112095 weight_discarded=1177 lrs_discarded=1048234 fwd_subsumed=4630 shared_published=0 shared_imported=0,13.6,raw/mrs/ueq/COL006-7.stdout,raw/mrs/ueq/COL006-7.stderr,70cf25b9277afd7e5dc3d9cffa5cd2d19ffa7c56f0e61d7e961b270a38bb0925,eea5892416f9e418150cace9cdbeca5f95c8b3e88e15acbd3773751d9cd6d680
casc-j13,ueq,COL009-1,mrs,180,Timeout,Unsatisfiable,unknown,178.368,8206,strategies=8 workers=8 strategy_ids=0:4;1:8;2:12;3:11;4:2;5:14;6:15;7:1 result=Timeout elapsed_ms=178198 timeout=8 saturated=0 processed=3004 generated=1740403 passive=158852 weight_discarded=78 lrs_discarded=1571895 fwd_subsumed=6676 shared_published=0 shared_imported=0,16.9,raw/mrs/ueq/COL009-1.stdout,raw/mrs/ueq/COL009-1.stderr,43aca0c642c94ae1015732597ea8f03fb3e4a880b186fad8bc27794b41ed9646,6291378efaa18c9fee97891f4e29323eb7fb28143a2f9cc2782ee776cf2c57e0
casc-j13,ueq,COL011-1,mrs,180,Timeout,Unsatisfiable,unknown,178.808,13326,strategies=8 workers=8 strategy_ids=0:4;1:8;2:12;3:11;4:2;5:14;6:15;7:1 result=Timeout elapsed_ms=178654 timeout=8 saturated=0 processed=2887 generated=1770502 passive=62827 weight_discarded=1357 lrs_discarded=1698757 fwd_subsumed=6055 shared_published=0 shared_imported=0,16.2,raw/mrs/ueq/COL011-1.stdout,raw/mrs/ueq/COL011-1.stderr,ee66907e95ea3e7b2c834a32a0d5da5075c096640777c80dd6d19a34863f20e0,b19b93f9b9becdfb07e519fc408e6a9ae5398ffea0f17a4da548e3ee318b6b9f
casc-j13,ueq,COL034-1,mrs,180,Timeout,Unsatisfiable,unknown,178.447,13326,strategies=8 workers=8 strategy_ids=0:4;1:8;2:12;3:11;4:2;5:14;6:15;7:1 result=Timeout elapsed_ms=178302 timeout=8 saturated=0 processed=3889 generated=1197583 passive=84782 weight_discarded=130 lrs_discarded=1093780 fwd_subsumed=15164 shared_published=0 shared_imported=0,21.8,raw/mrs/ueq/COL034-1.stdout,raw/mrs/ueq/COL034-1.stderr,bcbf4f59f876aadba0ef2a2929b87adeefa63418e532f27c897434ef6af30ac9,d9ca740ded79648b335df6e0e2033929e20c35bb7a82a9194b65ea0ddd021883
casc-j13,ueq,COL036-1,mrs,180,Timeout,Unsatisfiable,unknown,178.509,13326,strategies=8 workers=8 strategy_ids=0:4;1:8;2:12;3:11;4:2;5:14;6:15;7:1 result=Timeout elapsed_ms=178364 timeout=8 saturated=0 processed=2365 generated=1684664 passive=179075 weight_discarded=489 lrs_discarded=1497674 fwd_subsumed=5582 shared_published=0 shared_imported=0,13.3,raw/mrs/ueq/COL036-1.stdout,raw/mrs/ueq/COL036-1.stderr,8c0d20f8357f9ad63f794267936d53d0d85d11c6706f1523eb81fdf4cd393a18,8f37f2fb1ef82353859579ad5735a1329902e165acde8ebaa39ecc439e96f815
casc-j13,ueq,COL037-1,mrs,180,Timeout,Unsatisfiable,unknown,178.641,15374,strategies=8 workers=8 strategy_ids=0:4;1:8;2:12;3:11;4:2;5:14;6:15;7:1 result=Timeout elapsed_ms=178476 timeout=8 saturated=0 processed=1510 generated=1963462 passive=176408 weight_discarded=279 lrs_discarded=1782909 fwd_subsumed=2667 shared_published=0 shared_imported=0,8.5,raw/mrs/ueq/COL037-1.stdout,raw/mrs/ueq/COL037-1.stderr,25e1d608d6be24cc2456e23bd12c3659747389502f9c89374f73bed452f763ff,ce940dbbaf7ebba4594082bd91521701d20f3b46f046887a84f68fca6f027c91
casc-j13,ueq,COL038-1,mrs,180,Timeout,Unsatisfiable,unknown,178.480,8206,strategies=8 workers=8 strategy_ids=0:4;1:8;2:12;3:11;4:2;5:14;6:15;7:1 result=Timeout elapsed_ms=178325 timeout=8 saturated=0 processed=4617 generated=1460064 passive=124346 weight_discarded=89 lrs_discarded=1319812 fwd_subsumed=11321 shared_published=0 shared_imported=0,25.9,raw/mrs/ueq/COL038-1.stdout,raw/mrs/ueq/COL038-1.stderr,45f0f4bd11b9f189ba7b9c559017040da3c1d0a6d5a25fe1a81146e16c510dd4,ea5cc033c031db3c4ea73e6426ab661106612c5b5d6014295fdf0b13be02880c
casc-j13,ueq,COL041-1,mrs,180,Timeout,Unsatisfiable,unknown,178.391,9230,strategies=8 workers=8 strategy_ids=0:4;1:8;2:12;3:11;4:2;5:14;6:15;7:1 result=Timeout elapsed_ms=178199 timeout=8 saturated=0 processed=3215 generated=1451291 passive=193081 weight_discarded=24 lrs_discarded=1246242 fwd_subsumed=8785 shared_published=0 shared_imported=0,18.0,raw/mrs/ueq/COL041-1.stdout,raw/mrs/ueq/COL041-1.stderr,a3725c19c5a48944e80fe34d218fba5d34a041de93515de6e030eacda3bab249,256d5822a05e250f55f1d78d90a3b5530cf86cbaf09a2cf361ff3fa50a01cf93
casc-j13,ueq,COL042-1,mrs,180,Timeout,Unsatisfiable,unknown,178.405,11278,strategies=8 workers=8 strategy_ids=0:4;1:8;2:12;3:11;4:2;5:14;6:15;7:1 result=Timeout elapsed_ms=178271 timeout=8 saturated=0 processed=2026 generated=1725087 passive=234973 weight_discarded=190 lrs_discarded=1483100 fwd_subsumed=5012 shared_published=0 shared_imported=0,11.4,raw/mrs/ueq/COL042-1.stdout,raw/mrs/ueq/COL042-1.stderr,c4c7b0ccf34d1558cde29ce346dfce84c6c62ff6b0c56b3318e77d7a7d6f92b2,905bb7dd2f54ecf648102080e812c095fe1a265ee44e0ea6dfe23b432d2f4719
casc-j13,ueq,COL042-10,mrs,180,Unsatisfiable,Unsatisfiable,ok,17.207,4109,strategies=8 workers=8 strategy_ids=0:4;1:8;2:12;3:11;4:2;5:14;6:15;7:1 result=Refutation elapsed_ms=17086 timeout=7 saturated=0 processed=2708 generated=380873 passive=103901 weight_discarded=0 lrs_discarded=271604 fwd_subsumed=2722 shared_published=0 shared_imported=0 proof_nodes=40 proof_bytes=6560 proof_emitted=true,158.5,raw/mrs/ueq/COL042-10.stdout,raw/mrs/ueq/COL042-10.stderr,c19a763c4fb664672d0d3584cb599ef59f2f1ba7b0817e0600f9f5ce640b288e,b0690291d7382e862d0271fda824dee4a4279c3af0423f14e3a421893ae10015
casc-j13,ueq,COL043-1,mrs,180,Timeout,Unsatisfiable,unknown,178.469,13326,strategies=8 workers=8 strategy_ids=0:4;1:8;2:12;3:11;4:2;5:14;6:15;7:1 result=Timeout elapsed_ms=178319 timeout=8 saturated=0 processed=1811 generated=1644289 passive=183906 weight_discarded=4756 lrs_discarded=1453528 fwd_subsumed=5068 shared_published=0 shared_imported=0,10.2,raw/mrs/ueq/COL043-1.stdout,raw/mrs/ueq/COL043-1.stderr,02505423c8ea8686de39ba5d7e27e63111ec411602ffc461e87debac669684b7,718872ca922cc98bd127b68a5ee8d9271230d9459c582a6b52c7c9abab56f173
casc-j13,ueq,COL043-3,mrs,180,Timeout,Unsatisfiable,unknown,178.552,11278,strategies=8 workers=8 strategy_ids=0:4;1:8;2:12;3:11;4:2;5:14;6:15;7:1 result=Timeout elapsed_ms=178415 timeout=8 saturated=0 processed=2521 generated=1733162 passive=124867 weight_discarded=1234 lrs_discarded=1600637 fwd_subsumed=5178 shared_published=0 shared_imported=0,14.1,raw/mrs/ueq/COL043-3.stdout,raw/mrs/ueq/COL043-3.stderr,e27e3f3e6f4a186048d900825b4874ee48e3f7c5a7854d644b456d50b2cabfdf,c4ba47cdfe01ffb820a5d6487d8ad38ee48a9a98cfe59c0db2953f60b09cb7db
casc-j13,ueq,COL044-1,mrs,180,Timeout,Unsatisfiable,unknown,178.383,17423,strategies=8 workers=8 strategy_ids=0:4;1:8;2:12;3:11;4:2;5:14;6:15;7:1 result=Timeout elapsed_ms=178222 timeout=8 saturated=0 processed=1814 generated=1670232 passive=202495 weight_discarded=2103 lrs_discarded=1461751 fwd_subsumed=4195 shared_published=0 shared_imported=0,10.2,raw/mrs/ueq/COL044-1.stdout,raw/mrs/ueq/COL044-1.stderr,9d6a4e1d21f25893f74b47b1548607674d3ce0da727920910bd2bf6c0dc8cba3,07b1414990f395f22dead5fc1328790a657e454de94b3ca1bcf27f5c03a7af42
casc-j13,ueq,COL044-10,mrs,180,Timeout,Unsatisfiable,unknown,178.691,15374,strategies=8 workers=8 strategy_ids=0:4;1:8;2:12;3:11;4:2;5:14;6:15;7:1 result=Timeout elapsed_ms=178549 timeout=8 saturated=0 processed=6763 generated=1870287 passive=131404 weight_discarded=559 lrs_discarded=1726053 fwd_subsumed=6145 shared_published=0 shared_imported=0,37.9,raw/mrs/ueq/COL044-10.stdout,raw/mrs/ueq/COL044-10.stderr,ba2d64f4d0653aa115a29a4fd22c3df9f1c4227c797f5ca22203909b3f9912a8,c8b970bbbd8bdf2bc7273e3f58519c98d4e6d5b280cbc064069bcb9bd1ab86e7
casc-j13,ueq,COL044-6,mrs,180,Timeout,Unsatisfiable,unknown,178.583,15374,strategies=8 workers=8 strategy_ids=0:4;1:8;2:12;3:11;4:2;5:14;6:15;7:1 result=Timeout elapsed_ms=178369 timeout=8 saturated=0 processed=2459 generated=1631174 passive=206255 weight_discarded=3069 lrs_discarded=1416792 fwd_subsumed=5708 shared_published=0 shared_imported=0,13.8,raw/mrs/ueq/COL044-6.stdout,raw/mrs/ueq/COL044-6.stderr,8ffcc1d29c3d2778cc9abdc1c7de64445634d9fb5babfc2ef0bf8d673304a563,61d29c35e9d7e43874e2f729187e2e1c6f0dfad57765afe093a1a69f01ba38d2
casc-j13,ueq,COL044-7,mrs,180,Timeout,Unsatisfiable,unknown,178.530,13326,strategies=8 workers=8 strategy_ids=0:4;1:8;2:12;3:11;4:2;5:14;6:15;7:1 result=Timeout elapsed_ms=178390 timeout=8 saturated=0 processed=2436 generated=1638869 passive=198633 weight_discarded=2897 lrs_discarded=1432293 fwd_subsumed=5547 shared_published=0 shared_imported=0,13.7,raw/mrs/ueq/COL044-7.stdout,raw/mrs/ueq/COL044-7.stderr,27ace86557b889c771503a87e5049fff8955f449471de15d6e79cce9ce58a0cd,43ba6bb141edfcd674a685d7d2b5b19ee5a9e02db29c004390eb915263885b90
casc-j13,ueq,COL044-8,mrs,180,Timeout,Unsatisfiable,unknown,178.412,15374,strategies=8 workers=8 strategy_ids=0:4;1:8;2:12;3:11;4:2;5:14;6:15;7:1 result=Timeout elapsed_ms=178246 timeout=8 saturated=0 processed=2538 generated=1911889 passive=224761 weight_discarded=1153 lrs_discarded=1678599 fwd_subsumed=6032 shared_published=0 shared_imported=0,14.2,raw/mrs/ueq/COL044-8.stdout,raw/mrs/ueq/COL044-8.stderr,3d371a2238ded36b64e2b2d15b8241f794fb06cf9e8aaed198d52a31216ddb0e,338bbce16f73c4b76e3419254ca5912d0279480d1dd9f021983fbb1f6553ee09
casc-j13,ueq,COL044-9,mrs,180,Timeout,Unsatisfiable,unknown,178.342,11278,strategies=8 workers=8 strategy_ids=0:4;1:8;2:12;3:11;4:2;5:14;6:15;7:1 result=Timeout elapsed_ms=178179 timeout=8 saturated=0 processed=2706 generated=2109374 passive=181436 weight_discarded=1613 lrs_discarded=1918892 fwd_subsumed=6382 shared_published=0 shared_imported=0,15.2,raw/mrs/ueq/COL044-9.stdout,raw/mrs/ueq/COL044-9.stderr,6e489851d766afec63114c38ce1b0bb24412284b0d42dc0ddcf6801035a8b9f9,d10cfd5f754838c0ff4de9adcf21a73d4bf3fc8f903a67a152a54a0c915a594a
casc-j13,ueq,COL046-1,mrs,180,Timeout,Unsatisfiable,unknown,178.428,15374,strategies=8 workers=8 strategy_ids=0:4;1:8;2:12;3:11;4:2;5:14;6:15;7:1 result=Timeout elapsed_ms=178250 timeout=8 saturated=0 processed=3029 generated=1961484 passive=123138 weight_discarded=837 lrs_discarded=1827750 fwd_subsumed=7599 shared_published=0 shared_imported=0,17.0,raw/mrs/ueq/COL046-1.stdout,raw/mrs/ueq/COL046-1.stderr,8a9c635214fc6a11869d975ce77b309f3213f6e0c403976fa5915c749f8cec06,d9c3262bf461ecdbd745500ee13d61fd8eaab68c9709f516dc631d158b4e647d
casc-j13,ueq,COL049-1,mrs,180,Timeout,Unsatisfiable,unknown,178.314,9230,strategies=8 workers=8 strategy_ids=0:4;1:8;2:12;3:11;4:2;5:14;6:15;7:1 result=Timeout elapsed_ms=178140 timeout=8 saturated=0 processed=4808 generated=1637476 passive=176103 weight_discarded=39 lrs_discarded=1447047 fwd_subsumed=9549 shared_published=0 shared_imported=0,27.0,raw/mrs/ueq/COL049-1.stdout,raw/mrs/ueq/COL049-1.stderr,2d1f4ce0f95e2ce0b7ade0173e89633a3b4d8c941c9fdad00c8d1650fbda5153,951043bd77e43fe03433fc76baf5c05d3fc9db6ef690a3d0ec4d102ae5d4c60c
casc-j13,ueq,COL065-1,mrs,180,GaveUp,Unsatisfiable,unknown,178.294,4941,strategies=8 workers=8 strategy_ids=0:4;1:8;2:12;3:11;4:2;5:14;6:15;7:1 result=GaveUp elapsed_ms=178194 timeout=4 saturated=0 processed=7848 generated=277490 passive=54210 weight_discarded=1459 lrs_discarded=209981 fwd_subsumed=5472 shared_published=0 shared_imported=0,44.0,raw/mrs/ueq/COL065-1.stdout,raw/mrs/ueq/COL065-1.stderr,baebe186a6a1151cbf3e35630201c14ba3dfcc292c5528d3673dee44f0c4a2d8,649ce0c5285f0eab2c2d0765ace42b9a1396181442042583cab792ae4eaea420
casc-j13,ueq,COL066-1,mrs,180,Timeout,Unsatisfiable,unknown,178.325,11278,strategies=8 workers=8 strategy_ids=0:4;1:8;2:12;3:11;4:2;5:14;6:15;7:1 result=Timeout elapsed_ms=178160 timeout=8 saturated=0 processed=2593 generated=2132346 passive=284461 weight_discarded=6133 lrs_discarded=1839786 fwd_subsumed=5538 shared_published=0 shared_imported=0,14.6,raw/mrs/ueq/COL066-1.stdout,raw/mrs/ueq/COL066-1.stderr,c5b3247c1d0353485ac647729eb502c6bb5bf3455b82ac6e689dabd61b59fae1,d0317784a401c81a86f138fe0f9d25e6e8519814e275b477f26969d616a4bde8
casc-j13,ueq,CSR034-10,mrs,180,Unsatisfiable,Unsatisfiable,ok,.253,2125,strategies=8 workers=8 strategy_ids=0:4;1:8;2:12;3:11;4:2;5:14;6:15;7:1 result=Refutation elapsed_ms=87 timeout=7 saturated=0 processed=98 generated=54 passive=19372 weight_discarded=0 lrs_discarded=0 fwd_subsumed=8 shared_published=0 shared_imported=0 proof_nodes=14 proof_bytes=2235 proof_emitted=true,1126.4,raw/mrs/ueq/CSR034-10.stdout,raw/mrs/ueq/CSR034-10.stderr,5a19c0ec4ecdc7e88e9aeb60276cbde569ef125f6fccbed80b3f8c2f8c6b71d1,4d33db0f51aecb3e5878fe524fd4016f16568d8e13b8cc2df1d432d0368836e9
casc-j13,ueq,CSR036-10,mrs,180,GaveUp,Unsatisfiable,unknown,178.546,3981,strategies=8 workers=8 strategy_ids=0:4;1:8;2:12;3:11;4:2;5:14;6:15;7:1 result=GaveUp elapsed_ms=178056 timeout=5 saturated=0 processed=29027 generated=53226 passive=29529 weight_discarded=0 lrs_discarded=89680 fwd_subsumed=4222 shared_published=0 shared_imported=0,163.0,raw/mrs/ueq/CSR036-10.stdout,raw/mrs/ueq/CSR036-10.stderr,dff0ffb34569197e4aa6e3d5a04fe579744c8859a006bcb0b4be93ee9fd51d24,bdc8c2efe5f843b13d04013c3971fcc710c73129e5fdb3ae4a29fd6d643514e6
casc-j13,ueq,CSR038-10,mrs,180,GaveUp,Unsatisfiable,unknown,178.328,4333,strategies=8 workers=8 strategy_ids=0:4;1:8;2:12;3:11;4:2;5:14;6:15;7:1 result=GaveUp elapsed_ms=178180 timeout=6 saturated=0 processed=29307 generated=304501 passive=39685 weight_discarded=0 lrs_discarded=231314 fwd_subsumed=8724 shared_published=0 shared_imported=0,164.5,raw/mrs/ueq/CSR038-10.stdout,raw/mrs/ueq/CSR038-10.stderr,5f9065be41d1965fe218f527fd1e8da375f83c8d5af46369ad57cda92966d08e,d4ec8807e2c94df7df6d098d14e7970622e2b7d7c0eff3ddf1f4ae98bfe1d2ef
casc-j13,ueq,CSR039-10,mrs,180,GaveUp,Unsatisfiable,unknown,178.133,2957,strategies=8 workers=8 strategy_ids=0:4;1:8;2:12;3:11;4:2;5:14;6:15;7:1 result=GaveUp elapsed_ms=178013 timeout=4 saturated=0 processed=24935 generated=253480 passive=30622 weight_discarded=0 lrs_discarded=193580 fwd_subsumed=8687 shared_published=0 shared_imported=0,140.1,raw/mrs/ueq/CSR039-10.stdout,raw/mrs/ueq/CSR039-10.stderr,68ad8877576e7b9829ba76d73645c75103fddc38ec5a73b76b6590ec71125d44,37b2e620bdbda3c61959cc53e5c7d6418f7cf8f80108cb507a1a214359a36f4b
casc-j13,ueq,CSR040-10,mrs,180,Timeout,Unsatisfiable,unknown,178.559,5133,strategies=8 workers=8 strategy_ids=0:4;1:8;2:12;3:11;4:2;5:14;6:15;7:1 result=Timeout elapsed_ms=178041 timeout=8 saturated=0 processed=37859 generated=77708 passive=31675 weight_discarded=0 lrs_discarded=106487 fwd_subsumed=5196 shared_published=0 shared_imported=0,212.6,raw/mrs/ueq/CSR040-10.stdout,raw/mrs/ueq/CSR040-10.stderr,03c8f745613e78b3407f0e8537818807c1d6eb13ffd0e31a3c3c7108f9645807,5f6a66e629cf287f718ce50f8e4c95bf0131cd0b0b4026aa14bf9672c9f71a77
casc-j13,ueq,CSR044-10,mrs,180,Unsatisfiable,Unsatisfiable,ok,.515,2125,strategies=8 workers=8 strategy_ids=0:4;1:8;2:12;3:11;4:2;5:14;6:15;7:1 result=Refutation elapsed_ms=349 timeout=7 saturated=0 processed=1729 generated=1473 passive=19434 weight_discarded=0 lrs_discarded=0 fwd_subsumed=137 shared_published=0 shared_imported=0 proof_nodes=41 proof_bytes=8690 proof_emitted=true,4954.2,raw/mrs/ueq/CSR044-10.stdout,raw/mrs/ueq/CSR044-10.stderr,f480554d4412417ef3543c00bc8ecc74314d40a6f2068c8189cb0233148a5242,f576badf589e50e8dac9289232a5b3b22bfd543339d31ac90c745ebe98a8f03d
casc-j13,ueq,CSR049-10,mrs,180,GaveUp,Unsatisfiable,unknown,178.200,2125,strategies=8 workers=8 strategy_ids=0:4;1:8;2:12;3:11;4:2;5:14;6:15;7:1 result=GaveUp elapsed_ms=178018 timeout=6 saturated=0 processed=33018 generated=93332 passive=30199 weight_discarded=0 lrs_discarded=46990 fwd_subsumed=4203 shared_published=0 shared_imported=0,185.5,raw/mrs/ueq/CSR049-10.stdout,raw/mrs/ueq/CSR049-10.stderr,fb65b4b3f7e363c84403a0afba8cb5d6f577bf555d783099d7f85f2e6c65ce16,a8b6a655ea5e4ded9a8683c584ba70c3cd2175d9f9befc433902ef3785fd6e19
casc-j13,ueq,CSR051-10,mrs,180,Unsatisfiable,Unsatisfiable,ok,.224,1997,strategies=6 workers=8 strategy_ids=0:4;1:8;2:12;3:11;4:2;5:14 result=Refutation elapsed_ms=65 timeout=5 saturated=0 processed=22 generated=0 passive=9794 weight_discarded=0 lrs_discarded=0 fwd_subsumed=2 shared_published=0 shared_imported=0 proof_nodes=11 proof_bytes=1762 proof_emitted=true,338.5,raw/mrs/ueq/CSR051-10.stdout,raw/mrs/ueq/CSR051-10.stderr,0029b30d76c1883a99e63f95cabef6b70cb602217476fb2b6b6441002f45d643,2fb45d25a8c8a3b86d3c44f02ea734e6a22e5a556de77a6825f4f91363bac8c0
casc-j13,ueq,CSR057-10,mrs,180,Unsatisfiable,Unsatisfiable,ok,1.432,3085,strategies=8 workers=8 strategy_ids=0:4;1:8;2:12;3:11;4:2;5:14;6:15;7:1 result=Refutation elapsed_ms=940 timeout=5 saturated=0 processed=2713 generated=3530 passive=94677 weight_discarded=0 lrs_discarded=0 fwd_subsumed=276 shared_published=0 shared_imported=0 proof_nodes=143 proof_bytes=30981 proof_emitted=true,2886.2,raw/mrs/ueq/CSR057-10.stdout,raw/mrs/ueq/CSR057-10.stderr,a9659dcec40718c117d0da0daafd71e60b776c75cd9056466ced1c6596b57aa7,084429bcdcaa388d06d41512112330654d570e12ce9f85c722a51965c63f7018
casc-j13,ueq,CSR058-10,mrs,180,GaveUp,Unsatisfiable,unknown,178.543,3085,strategies=8 workers=8 strategy_ids=0:4;1:8;2:12;3:11;4:2;5:14;6:15;7:1 result=GaveUp elapsed_ms=178044 timeout=4 saturated=0 processed=23306 generated=51047 passive=25162 weight_discarded=0 lrs_discarded=91720 fwd_subsumed=3321 shared_published=0 shared_imported=0,130.9,raw/mrs/ueq/CSR058-10.stdout,raw/mrs/ueq/CSR058-10.stderr,54995ed7f3c6bce4d670da57cbf932ea957253d785f7a41df431d26daa4f3934,ed89353b6c9e26596d1e8f3a5c199b9811bd652aecc3d80e9909549651e47b2e
casc-j13,ueq,CSR059-10,mrs,180,Unsatisfiable,Unsatisfiable,ok,.267,2125,strategies=8 workers=8 strategy_ids=0:4;1:8;2:12;3:11;4:2;5:14;6:15;7:1 result=Refutation elapsed_ms=91 timeout=7 saturated=0 processed=370 generated=260 passive=19338 weight_discarded=0 lrs_discarded=0 fwd_subsumed=30 shared_published=0 shared_imported=0 proof_nodes=31 proof_bytes=5386 proof_emitted=true,4065.9,raw/mrs/ueq/CSR059-10.stdout,raw/mrs/ueq/CSR059-10.stderr,dc399b894c0e0de531763688e8e3becaa6c1b11e1c298b1cdc337485577abde6,9f18a8935296a195d69907ffa656fdaa76d6b78251ffd4b3073bcef9dd720336
casc-j13,ueq,CSR065-10,mrs,180,GaveUp,Unsatisfiable,unknown,178.553,3085,strategies=8 workers=8 strategy_ids=0:4;1:8;2:12;3:11;4:2;5:14;6:15;7:1 result=GaveUp elapsed_ms=178065 timeout=4 saturated=0 processed=27069 generated=47377 passive=25388 weight_discarded=0 lrs_discarded=84888 fwd_subsumed=3194 shared_published=0 shared_imported=0,152.0,raw/mrs/ueq/CSR065-10.stdout,raw/mrs/ueq/CSR065-10.stderr,4cd6e47a19e7a635e0303a5cf1381d6da8ff573e12a86de72ce7aadb1f51554e,72890e24a7a79c9b596bd9a8e014cacd16259ffbb9b48544bd04c944fd1fcc3b
casc-j13,ueq,CSR068-10,mrs,180,Unsatisfiable,Unsatisfiable,ok,.927,2125,strategies=8 workers=8 strategy_ids=0:4;1:8;2:12;3:11;4:2;5:14;6:15;7:1 result=Refutation elapsed_ms=451 timeout=7 saturated=0 processed=344 generated=1144 passive=93835 weight_discarded=0 lrs_discarded=0 fwd_subsumed=44 shared_published=0 shared_imported=0 proof_nodes=17 proof_bytes=3018 proof_emitted=true,762.7,raw/mrs/ueq/CSR068-10.stdout,raw/mrs/ueq/CSR068-10.stderr,bdf52fb508280e56b8445c57150bded6b683d760b541c20cb50b69b06808c42f,08ffc29b96ba54d77ce93877fb7304b6e6b79cda8ce80427778581c8b4878a87
casc-j13,ueq,CSR072-10,mrs,180,Unsatisfiable,Unsatisfiable,ok,.205,1997,strategies=6 workers=8 strategy_ids=0:4;1:8;2:12;3:11;4:2;5:14 result=Refutation elapsed_ms=65 timeout=5 saturated=0 processed=24 generated=3 passive=9842 weight_discarded=0 lrs_discarded=0 fwd_subsumed=4 shared_published=0 shared_imported=0 proof_nodes=8 proof_bytes=1189 proof_emitted=true,369.2,raw/mrs/ueq/CSR072-10.stdout,raw/mrs/ueq/CSR072-10.stderr,3c1e4e4b878208897294df178f85f916b3bcf1029e0d1ff6c577b6c4e4956ee7,2b5b1025a16130e7adc87099f79250743782ec1b850d264a4d36d4d97f717796
casc-j13,ueq,CSR073-10,mrs,180,Unsatisfiable,Unsatisfiable,ok,15.151,2125,strategies=8 workers=8 strategy_ids=0:4;1:8;2:12;3:11;4:2;5:14;6:15;7:1 result=Refutation elapsed_ms=14665 timeout=3 saturated=0 processed=7328 generated=17865 passive=52670 weight_discarded=0 lrs_discarded=49409 fwd_subsumed=566 shared_published=0 shared_imported=0 proof_nodes=20 proof_bytes=3371 proof_emitted=true,499.7,raw/mrs/ueq/CSR073-10.stdout,raw/mrs/ueq/CSR073-10.stderr,053a538719b5d2816924784b36eaa902d86a57dbcd54546756c8c3dbfe13a921,8e2075f72f9bd642f1d9a82048067a415335caf8ba4a9749a3f98efb87fbaa13
casc-j13,ueq,DAT436-1,mrs,180,Unsatisfiable,Unsatisfiable,ok,64.795,7182,strategies=8 workers=8 strategy_ids=0:4;1:8;2:12;3:11;4:2;5:14;6:15;7:1 result=Refutation elapsed_ms=64664 timeout=7 saturated=0 processed=19891 generated=768789 passive=93888 weight_discarded=1003 lrs_discarded=647271 fwd_subsumed=7949 shared_published=0 shared_imported=0 proof_nodes=85 proof_bytes=17929 proof_emitted=true,307.6,raw/mrs/ueq/DAT436-1.stdout,raw/mrs/ueq/DAT436-1.stderr,e0d2d99536a562ca65808eb62e641b9a1148a6505274454e757009b6f71f66e7,84451f433018656f1fbb62dd1082c44d80e554f2b32567fa36dd664d3f69ae14
casc-j13,ueq,DAT436-2,mrs,180,Unsatisfiable,Unsatisfiable,ok,60.301,7182,strategies=8 workers=8 strategy_ids=0:4;1:8;2:12;3:11;4:2;5:14;6:15;7:1 result=Refutation elapsed_ms=60164 timeout=7 saturated=0 processed=18814 generated=785431 passive=85306 weight_discarded=15838 lrs_discarded=674157 fwd_subsumed=7356 shared_published=0 shared_imported=0 proof_nodes=112 proof_bytes=25887 proof_emitted=true,312.7,raw/mrs/ueq/DAT436-2.stdout,raw/mrs/ueq/DAT436-2.stderr,c53a0ee3572cd5e2fe56fbbdbe81fb8f1edd3237c3c4530d9878e57fe3e172cb,d9865bbccf2cc86b163706ef8a89d23b12dd1739f4e54710e2fcce2fe4fafbc5
casc-j13,ueq,GRP002-10,mrs,180,Unsatisfiable,Unsatisfiable,ok,42.857,3085,strategies=8 workers=8 strategy_ids=0:4;1:8;2:12;3:11;4:2;5:14;6:15;7:1 result=Refutation elapsed_ms=42731 timeout=7 saturated=0 processed=16843 generated=209106 passive=82593 weight_discarded=0 lrs_discarded=97971 fwd_subsumed=11875 shared_published=0 shared_imported=0 proof_nodes=178 proof_bytes=29164 proof_emitted=true,394.2,raw/mrs/ueq/GRP002-10.stdout,raw/mrs/ueq/GRP002-10.stderr,4c1ff38c2ba56be04dca5894a41186c7811a293058f9203cfc2486b32ea2bab5,5775f3db9d817e7dea466e63364e1dd81b68d58c38c3f2daa9646c7a46adca9c
casc-j13,ueq,GRP024-5,mrs,180,Timeout,Unsatisfiable,unknown,180.000,,,,raw/mrs/ueq/GRP024-5.stdout,raw/mrs/ueq/GRP024-5.stderr,e3b0c44298fc1c149afbf4c8996fb92427ae41e4649b934ca495991b7852b855,dd8571642aa5fb1aa5fb4055a6dee9a7bcc1730f4abf32b21f2d3499cdefb851
casc-j13,ueq,GRP048-10,mrs,180,Unsatisfiable,Unsatisfiable,ok,2.208,2125,strategies=8 workers=8 strategy_ids=0:4;1:8;2:12;3:11;4:2;5:14;6:15;7:1 result=Refutation elapsed_ms=2109 timeout=7 saturated=0 processed=2776 generated=70376 passive=66984 weight_discarded=0 lrs_discarded=0 fwd_subsumed=700 shared_published=0 shared_imported=0 proof_nodes=63 proof_bytes=10427 proof_emitted=true,1316.3,raw/mrs/ueq/GRP048-10.stdout,raw/mrs/ueq/GRP048-10.stderr,ea618dc9a1ae04dd0d1d1e13db0c322a6cde0a5aeafa239c960a3310835ac374,6be0a0121124206746731f08c619c905712566bfcda70851eac1cf87708bf347
casc-j13,ueq,GRP164-1,mrs,180,Timeout,Unsatisfiable,unknown,178.558,21519,strategies=8 workers=8 strategy_ids=0:4;1:8;2:12;3:11;4:2;5:14;6:15;7:1 result=Timeout elapsed_ms=178360 timeout=8 saturated=0 processed=22367 generated=557690 passive=51167 weight_discarded=0 lrs_discarded=475472 fwd_subsumed=8799 shared_published=0 shared_imported=0,125.4,raw/mrs/ueq/GRP164-1.stdout,raw/mrs/ueq/GRP164-1.stderr,64081b0ffbc05c9792e5fe1a415099dd4cc056748a6db4d6f37f5315d6c36772,345d9f06fbe74ce08d00f74c12a38532b41d7940872e548c27149712c1ebc020
casc-j13,ueq,GRP164-2,mrs,180,GaveUp,Unsatisfiable,unknown,178.498,17423,strategies=8 workers=8 strategy_ids=0:4;1:8;2:12;3:11;4:2;5:14;6:15;7:1 result=GaveUp elapsed_ms=178244 timeout=7 saturated=0 processed=23919 generated=568007 passive=29342 weight_discarded=0 lrs_discarded=504968 fwd_subsumed=9893 shared_published=0 shared_imported=0,134.2,raw/mrs/ueq/GRP164-2.stdout,raw/mrs/ueq/GRP164-2.stderr,15cdf29eadcca974a575d006bf8d9ebdd6eec310edfc8df88f2cc4e1a83296b9,f7706509094f654e0633bd7a79b9e9d1c7b9603dfafe304f64e4517e0a222735
casc-j13,ueq,GRP167-3,mrs,180,Timeout,Unsatisfiable,unknown,178.541,19471,strategies=8 workers=8 strategy_ids=0:4;1:8;2:12;3:11;4:2;5:14;6:15;7:1 result=Timeout elapsed_ms=178353 timeout=8 saturated=0 processed=20706 generated=610424 passive=53841 weight_discarded=0 lrs_discarded=526767 fwd_subsumed=9214 shared_published=0 shared_imported=0,116.1,raw/mrs/ueq/GRP167-3.stdout,raw/mrs/ueq/GRP167-3.stderr,77387363828e4366f45a5ed8b2b309ccd11d73fcb5c31944620b79f065f3ff08,90da4618007e4689c381ff058fce406384f5520e9f64ef04cb80ce508a0b3b7e
casc-j13,ueq,GRP177-1,mrs,180,Timeout,Unsatisfiable,unknown,178.789,25615,strategies=8 workers=8 strategy_ids=0:4;1:8;2:12;3:11;4:2;5:14;6:15;7:1 result=Timeout elapsed_ms=178579 timeout=8 saturated=0 processed=26906 generated=785528 passive=55991 weight_discarded=0 lrs_discarded=681846 fwd_subsumed=20926 shared_published=0 shared_imported=0,150.7,raw/mrs/ueq/GRP177-1.stdout,raw/mrs/ueq/GRP177-1.stderr,5ace70928ea3d1d9b5cdc8f1ed4ee92741b881ac3c49243305bb70dd353c6292,4e8d10f8646ea6bd448a71b8f8d34dcd491666455a2fddef0362d8f761d7a602
casc-j13,ueq,GRP177-2,mrs,180,Timeout,Unsatisfiable,unknown,178.567,19471,strategies=8 workers=8 strategy_ids=0:4;1:8;2:12;3:11;4:2;5:14;6:15;7:1 result=Timeout elapsed_ms=178358 timeout=8 saturated=0 processed=26482 generated=764449 passive=55976 weight_discarded=0 lrs_discarded=659825 fwd_subsumed=22307 shared_published=0 shared_imported=0,148.5,raw/mrs/ueq/GRP177-2.stdout,raw/mrs/ueq/GRP177-2.stderr,12d75e9901e7f65d0fb2fa12690c081257c582fe70efb6195dcdbc77c0797b08,dad6145a19f1a92ef9a2923cd913422cc5331c0878b777d1f50b310f126fd5c5
casc-j13,ueq,GRP178-1,mrs,180,Timeout,Unsatisfiable,unknown,178.517,19471,strategies=8 workers=8 strategy_ids=0:4;1:8;2:12;3:11;4:2;5:14;6:15;7:1 result=Timeout elapsed_ms=178327 timeout=8 saturated=0 processed=27231 generated=671639 passive=58008 weight_discarded=0 lrs_discarded=563425 fwd_subsumed=23114 shared_published=0 shared_imported=0,152.7,raw/mrs/ueq/GRP178-1.stdout,raw/mrs/ueq/GRP178-1.stderr,45306fa248758230ef5e5053385248a1bc8c099133e1f864cf7b5526046d9a5f,fec39dbe7de0661740b787d81efebfa8b46564bcf2957fd2057cdc27097395cb
casc-j13,ueq,GRP178-2,mrs,180,Timeout,Unsatisfiable,unknown,179.637,26879,strategies=8 workers=8 strategy_ids=0:4;1:8;2:12;3:11;4:2;5:14;6:15;7:1 result=Timeout elapsed_ms=179485 timeout=8 saturated=0 processed=132605 generated=3530704 passive=40026 weight_discarded=0 lrs_discarded=3333614 fwd_subsumed=24600 shared_published=0 shared_imported=0,738.8,raw/mrs/ueq/GRP178-2.stdout,raw/mrs/ueq/GRP178-2.stderr,50e895abe053efb292e79acc8cceb58164fc1685a74b9d866f46f598204a7f51,086554d2e811bf5796c61bfc0504330a2cc77c3d5206681ac254e65524ad0891
casc-j13,ueq,GRP179-1,mrs,180,Timeout,Unsatisfiable,unknown,179.207,27083,strategies=8 workers=8 strategy_ids=0:4;1:8;2:12;3:11;4:2;5:14;6:15;7:1 result=Timeout elapsed_ms=178988 timeout=8 saturated=0 processed=27778 generated=2281209 passive=75446 weight_discarded=0 lrs_discarded=2163481 fwd_subsumed=14618 shared_published=0 shared_imported=0,155.2,raw/mrs/ueq/GRP179-1.stdout,raw/mrs/ueq/GRP179-1.stderr,6cd375a9bc9a98b0f75cfe356d4ec8fa7b54e60b115c0a0ba133f67fe70ca69d,b5d61527ec55b2c7b5535bd2244999834c075d44a2ff8d93955305840b15044e
casc-j13,ueq,GRP180-1,mrs,180,Timeout,Unsatisfiable,unknown,178.616,21519,strategies=8 workers=8 strategy_ids=0:4;1:8;2:12;3:11;4:2;5:14;6:15;7:1 result=Timeout elapsed_ms=178399 timeout=8 saturated=0 processed=26255 generated=644191 passive=63636 weight_discarded=0 lrs_discarded=541994 fwd_subsumed=12419 shared_published=0 shared_imported=0,147.2,raw/mrs/ueq/GRP180-1.stdout,raw/mrs/ueq/GRP180-1.stderr,1c54d3cbdfdbc24c716579e2bc1506b32aa65b2d114fa9e9ff4ff479e8700560,303da2277937ac161a3f2a6a0ec3c74181d9e571169a637c61e81e1bb02193fa
casc-j13,ueq,GRP181-1,mrs,180,Timeout,Unsatisfiable,unknown,178.535,21519,strategies=8 workers=8 strategy_ids=0:4;1:8;2:12;3:11;4:2;5:14;6:15;7:1 result=Timeout elapsed_ms=178332 timeout=8 saturated=0 processed=17910 generated=731973 passive=83017 weight_discarded=0 lrs_discarded=624940 fwd_subsumed=6217 shared_published=0 shared_imported=0,100.4,raw/mrs/ueq/GRP181-1.stdout,raw/mrs/ueq/GRP181-1.stderr,886e010322a0f89548c848dd5970cb5126783afac4d9dd1b607dc601ff6466dc,841504944126e82066d7bc6e9da58a8313063e2d585e6ba60828f2cabb50ba14
casc-j13,ueq,GRP181-2,mrs,180,Timeout,Unsatisfiable,unknown,178.738,25615,strategies=8 workers=8 strategy_ids=0:4;1:8;2:12;3:11;4:2;5:14;6:15;7:1 result=Timeout elapsed_ms=178542 timeout=8 saturated=0 processed=18761 generated=984781 passive=78134 weight_discarded=0 lrs_discarded=874854 fwd_subsumed=13168 shared_published=0 shared_imported=0,105.1,raw/mrs/ueq/GRP181-2.stdout,raw/mrs/ueq/GRP181-2.stderr,a3f3e7900298a414d27f09429a85665822a2c0f3bdaf2220a169c887147f2e0b,a734fc65df7ba68a7de1dd49fc19b9856468586d0261cb0c76ebf33f5c75dc1a
casc-j13,ueq,GRP183-3,mrs,180,Unsatisfiable,Unsatisfiable,ok,26.830,7182,strategies=8 workers=8 strategy_ids=0:4;1:8;2:12;3:11;4:2;5:14;6:15;7:1 result=Refutation elapsed_ms=26693 timeout=7 saturated=0 processed=8799 generated=230503 passive=83227 weight_discarded=0 lrs_discarded=134193 fwd_subsumed=4387 shared_published=0 shared_imported=0 proof_nodes=197 proof_bytes=40565 proof_emitted=true,329.6,raw/mrs/ueq/GRP183-3.stdout,raw/mrs/ueq/GRP183-3.stderr,b1d655021060d1cab88da4d152ec3002699058adf8ce3e905614dd605867236c,fcc1ee3994e0f4debb3d8c5bd11bef1ff5292eb5c4361a394a8b0503fa1d241e
casc-j13,ueq,GRP186-1,mrs,180,Unsatisfiable,Unsatisfiable,ok,78.809,11278,strategies=8 workers=8 strategy_ids=0:4;1:8;2:12;3:11;4:2;5:14;6:15;7:1 result=Refutation elapsed_ms=78644 timeout=7 saturated=0 processed=18239 generated=542671 passive=63535 weight_discarded=0 lrs_discarded=452483 fwd_subsumed=8525 shared_published=0 shared_imported=0 proof_nodes=372 proof_bytes=70062 proof_emitted=true,231.9,raw/mrs/ueq/GRP186-1.stdout,raw/mrs/ueq/GRP186-1.stderr,1136326caa04f7b51e522c59e737e8b3dbd6a496ea5166826683f31258203fe7,5ad0f4c34706d0fc401a31d623af1eefc53fcaf07505419314881bd3b2f4b4c1
casc-j13,ueq,GRP187-1,mrs,180,Timeout,Unsatisfiable,unknown,178.538,21519,strategies=8 workers=8 strategy_ids=0:4;1:8;2:12;3:11;4:2;5:14;6:15;7:1 result=Timeout elapsed_ms=178345 timeout=8 saturated=0 processed=19858 generated=731016 passive=57177 weight_discarded=0 lrs_discarded=637485 fwd_subsumed=16608 shared_published=0 shared_imported=0,111.3,raw/mrs/ueq/GRP187-1.stdout,raw/mrs/ueq/GRP187-1.stderr,efe5ad979641d57987e7f9e42b663ee407cab2fc2a474ce2e267ba75590af0eb,219f790fb894e2f4940c94d58a4fcd7d7344ac7983c5eeb87caad04afc1d52e6
casc-j13,ueq,GRP404-1,mrs,180,Unsatisfiable,Unsatisfiable,ok,44.805,5133,strategies=8 workers=8 strategy_ids=0:4;1:8;2:12;3:11;4:2;5:14;6:15;7:1 result=Refutation elapsed_ms=44704 timeout=7 saturated=0 processed=811 generated=181701 passive=95327 weight_discarded=30136 lrs_discarded=84549 fwd_subsumed=1033 shared_published=0 shared_imported=0 proof_nodes=31 proof_bytes=7327 proof_emitted=true,18.1,raw/mrs/ueq/GRP404-1.stdout,raw/mrs/ueq/GRP404-1.stderr,5c1045cecf10530e6393407ac1a5a2379ccdff87e4fe83015b755b03e6723137,df7a4b827bcbd16197006cdf53841ea67598856da96410156e9b4dc29fe5f432
casc-j13,ueq,GRP416-1,mrs,180,Unsatisfiable,Unsatisfiable,ok,8.826,4109,strategies=8 workers=8 strategy_ids=0:4;1:8;2:12;3:11;4:2;5:14;6:15;7:1 result=Refutation elapsed_ms=8720 timeout=7 saturated=0 processed=1415 generated=100225 passive=88575 weight_discarded=29518 lrs_discarded=9138 fwd_subsumed=1117 shared_published=0 shared_imported=0 proof_nodes=29 proof_bytes=6717 proof_emitted=true,162.3,raw/mrs/ueq/GRP416-1.stdout,raw/mrs/ueq/GRP416-1.stderr,ec9661ed6a433dd2d018f738703bfac7c3bd740cd5bcb82b585efeca256bf156,6ea3cb57a94bb1768e5e057005cb749f551ab017b06329368484283fbd394ebc
casc-j13,ueq,GRP419-1,mrs,180,Unsatisfiable,Unsatisfiable,ok,168.352,5133,strategies=8 workers=8 strategy_ids=0:4;1:8;2:12;3:11;4:2;5:14;6:15;7:1 result=Refutation elapsed_ms=168254 timeout=7 saturated=0 processed=3011 generated=396717 passive=101870 weight_discarded=45620 lrs_discarded=286956 fwd_subsumed=4899 shared_published=0 shared_imported=0 proof_nodes=41 proof_bytes=12014 proof_emitted=true,17.9,raw/mrs/ueq/GRP419-1.stdout,raw/mrs/ueq/GRP419-1.stderr,8ebd11a30608cfb741c8771473b9d27da1438d887abadf229a3cc5813f066045,0ac9484da6ffb08a767a1c7a8c11881edbad163be55af045a614f579a371d6c1
casc-j13,ueq,GRP422-1,mrs,180,Unsatisfiable,Unsatisfiable,ok,26.057,4109,strategies=8 workers=8 strategy_ids=0:4;1:8;2:12;3:11;4:2;5:14;6:15;7:1 result=Refutation elapsed_ms=25992 timeout=7 saturated=0 processed=1312 generated=270708 passive=85252 weight_discarded=82213 lrs_discarded=181165 fwd_subsumed=2999 shared_published=0 shared_imported=0 proof_nodes=72 proof_bytes=19206 proof_emitted=true,50.5,raw/mrs/ueq/GRP422-1.stdout,raw/mrs/ueq/GRP422-1.stderr,c29e8a80cea5c5504844a475edc2616666c2403c85e664c676a58e02a33ffb9e,1afc23be68b04ffff75126aa9b96c1577bb712e0f715cc2499b33879731de27d
casc-j13,ueq,GRP439-1,mrs,180,Unsatisfiable,Unsatisfiable,ok,3.973,2125,strategies=8 workers=8 strategy_ids=0:4;1:8;2:12;3:11;4:2;5:14;6:15;7:1 result=Refutation elapsed_ms=3871 timeout=7 saturated=0 processed=825 generated=84562 passive=83205 weight_discarded=0 lrs_discarded=0 fwd_subsumed=556 shared_published=0 shared_imported=0 proof_nodes=23 proof_bytes=5338 proof_emitted=true,213.1,raw/mrs/ueq/GRP439-1.stdout,raw/mrs/ueq/GRP439-1.stderr,f033b791c97f1388a003e88d3a973d80c075091c9e7173c76c7b01dbd6baaf6d,a9316b4b2e7119dbd9ae04459117807e7c20d3534bd62314e831e1ca0ee7f3a1
casc-j13,ueq,GRP442-1,mrs,180,Unsatisfiable,Unsatisfiable,ok,11.073,3085,strategies=8 workers=8 strategy_ids=0:4;1:8;2:12;3:11;4:2;5:14;6:15;7:1 result=Refutation elapsed_ms=10979 timeout=7 saturated=0 processed=1168 generated=190526 passive=90564 weight_discarded=0 lrs_discarded=97264 fwd_subsumed=1555 shared_published=0 shared_imported=0 proof_nodes=76 proof_bytes=16707 proof_emitted=true,106.4,raw/mrs/ueq/GRP442-1.stdout,raw/mrs/ueq/GRP442-1.stderr,c4c0a4e320e4d82eb822462dc4e8e3dac98e6235d4122397ebab779936d27b92,220a8b1d0c1e159f137da8c427451d29a8988ef44c72f2f4085831c11025acc7
casc-j13,ueq,GRP469-1,mrs,180,Unsatisfiable,Unsatisfiable,ok,3.950,4109,strategies=8 workers=8 strategy_ids=0:4;1:8;2:12;3:11;4:2;5:14;6:15;7:1 result=Refutation elapsed_ms=3843 timeout=7 saturated=0 processed=2034 generated=92470 passive=88825 weight_discarded=0 lrs_discarded=0 fwd_subsumed=1644 shared_published=0 shared_imported=0 proof_nodes=468 proof_bytes=93553 proof_emitted=true,529.3,raw/mrs/ueq/GRP469-1.stdout,raw/mrs/ueq/GRP469-1.stderr,ccefd0381cc7d64bddfb7cbe9feca38cba3bcde63548f3f4f863c660252cb52c,cf7e21e24235be6c80ca55f9a384961aced497dc6f0aec34592308fb3a2f0d05
casc-j13,ueq,GRP472-1,mrs,180,Unsatisfiable,Unsatisfiable,ok,3.758,2125,strategies=8 workers=8 strategy_ids=0:4;1:8;2:12;3:11;4:2;5:14;6:15;7:1 result=Refutation elapsed_ms=3656 timeout=7 saturated=0 processed=1172 generated=121610 passive=118180 weight_discarded=0 lrs_discarded=1299 fwd_subsumed=992 shared_published=0 shared_imported=0 proof_nodes=41 proof_bytes=8177 proof_emitted=true,320.6,raw/mrs/ueq/GRP472-1.stdout,raw/mrs/ueq/GRP472-1.stderr,bbc2c9bbdf7a9c870c181da8088314972ea5b4269b5feb1bfbaec32ff28c568b,3dc31eb5905c0de4dec5a2efd1fce7ca2914fd11e74c048edc3121197f2fc5c1
casc-j13,ueq,GRP505-1,mrs,180,Timeout,Unsatisfiable,unknown,178.931,43611,strategies=8 workers=8 strategy_ids=0:4;1:8;2:12;3:11;4:2;5:14;6:15;7:1 result=Timeout elapsed_ms=178758 timeout=8 saturated=0 processed=2225 generated=1078313 passive=142458 weight_discarded=62165 lrs_discarded=923129 fwd_subsumed=10533 shared_published=0 shared_imported=0,12.4,raw/mrs/ueq/GRP505-1.stdout,raw/mrs/ueq/GRP505-1.stderr,9fc94f59df73d8b9e5e65486bab113752a6f5a2e904b5b75b508ec053d1e7222,5e5aa3158bb0bbd4337d79e1b0a4aedcc7e78da6314081d95e748d241bcb7cdd
casc-j13,ueq,GRP507-1,mrs,180,Timeout,Unsatisfiable,unknown,182.765,41999,strategies=8 workers=8 strategy_ids=0:4;1:8;2:12;3:11;4:2;5:14;6:15;7:1 result=Timeout elapsed_ms=182658 timeout=8 saturated=0 processed=1958 generated=1115737 passive=132110 weight_discarded=60435 lrs_discarded=967917 fwd_subsumed=13783 shared_published=0 shared_imported=0,10.7,raw/mrs/ueq/GRP507-1.stdout,raw/mrs/ueq/GRP507-1.stderr,00c00431243fda842e7bb95faf2fd9773577764fef63d975c984b7e2dd09a4b7,ea31382459bfb4f89a1bcbc02575059bf2d6fa2760bfdbade7a667a196c31a79
casc-j13,ueq,GRP508-1,mrs,180,Timeout,Unsatisfiable,unknown,180.000,,,,raw/mrs/ueq/GRP508-1.stdout,raw/mrs/ueq/GRP508-1.stderr,e3b0c44298fc1c149afbf4c8996fb92427ae41e4649b934ca495991b7852b855,844108ae61afb13c7407889e93851d34d7ca5612c95cec9dfed6f49da7e50c5c
casc-j13,ueq,GRP557-1,mrs,180,Unsatisfiable,Unsatisfiable,ok,.119,2125,strategies=8 workers=8 strategy_ids=0:4;1:8;2:12;3:11;4:2;5:14;6:15;7:1 result=Refutation elapsed_ms=22 timeout=6 saturated=0 processed=175 generated=1102 passive=921 weight_discarded=0 lrs_discarded=0 fwd_subsumed=40 shared_published=0 shared_imported=0 proof_nodes=35 proof_bytes=4750 proof_emitted=true,7954.5,raw/mrs/ueq/GRP557-1.stdout,raw/mrs/ueq/GRP557-1.stderr,40190e0277aaa6c93f92a1ba816517b7e2b7135d71f5b44c336229465db0b734,3307a6f9db07c3b0d08725b55eb0b8b93408324e09f97475376ac9daf5fb9a7e
casc-j13,ueq,GRP597-1,mrs,180,Unsatisfiable,Unsatisfiable,ok,.149,2185,strategies=8 workers=8 strategy_ids=0:4;1:8;2:12;3:11;4:2;5:14;6:15;7:1 result=Refutation elapsed_ms=83 timeout=7 saturated=0 processed=354 generated=4322 passive=3892 weight_discarded=0 lrs_discarded=0 fwd_subsumed=108 shared_published=0 shared_imported=0 proof_nodes=30 proof_bytes=5764 proof_emitted=true,4265.1,raw/mrs/ueq/GRP597-1.stdout,raw/mrs/ueq/GRP597-1.stderr,cbeef8a6c2652199e254998d06ddad86e7a11a1ceba8294c6f00edd2cc11a76b,69582896034995e0c0faa9d8929d9af7a1c5f3c9cbc713d2c2e5c678689688bd
casc-j13,ueq,GRP654-10,mrs,180,Timeout,Unsatisfiable,unknown,180.000,,,,raw/mrs/ueq/GRP654-10.stdout,raw/mrs/ueq/GRP654-10.stderr,e3b0c44298fc1c149afbf4c8996fb92427ae41e4649b934ca495991b7852b855,7baebedd80da177924edf760201fc9b1207712f4a06af1aefdfd62adb4568684
casc-j13,ueq,GRP654-11,mrs,180,Timeout,Unsatisfiable,unknown,180.000,,,,raw/mrs/ueq/GRP654-11.stdout,raw/mrs/ueq/GRP654-11.stderr,e3b0c44298fc1c149afbf4c8996fb92427ae41e4649b934ca495991b7852b855,e41e9b2f13e8bb66a3b1110e64779fa8c5e838a4070d0d07d7d4ff457ee47b91
casc-j13,ueq,GRP654-12,mrs,180,Timeout,Unsatisfiable,unknown,180.000,,,,raw/mrs/ueq/GRP654-12.stdout,raw/mrs/ueq/GRP654-12.stderr,e3b0c44298fc1c149afbf4c8996fb92427ae41e4649b934ca495991b7852b855,b944b975e09232c359676769b25889c3a044a9c9581f4e2ea0d88a18120d4306
casc-j13,ueq,GRP655-10,mrs,180,Timeout,Unsatisfiable,unknown,180.000,,,,raw/mrs/ueq/GRP655-10.stdout,raw/mrs/ueq/GRP655-10.stderr,e3b0c44298fc1c149afbf4c8996fb92427ae41e4649b934ca495991b7852b855,8490c7f595c93a08fc5b7a9fb3bab264269b840e88b77e557dcfdff19c684470
casc-j13,ueq,GRP655-11,mrs,180,Unsatisfiable,Unsatisfiable,ok,46.698,9230,strategies=8 workers=8 strategy_ids=0:4;1:8;2:12;3:11;4:2;5:14;6:15;7:1 result=Refutation elapsed_ms=46570 timeout=7 saturated=0 processed=5600 generated=357820 passive=99906 weight_discarded=2838 lrs_discarded=249161 fwd_subsumed=3202 shared_published=0 shared_imported=0 proof_nodes=259 proof_bytes=42489 proof_emitted=true,120.2,raw/mrs/ueq/GRP655-11.stdout,raw/mrs/ueq/GRP655-11.stderr,6a8403bb6ba56d5361f719a7129ec59182b6b7413b66ffc27e604bbba00ee315,740c3432b40337a701cd8c03520774cc24a2b20b4e3dff7e1b5abf63971f347a
casc-j13,ueq,GRP655-12,mrs,180,Unsatisfiable,Unsatisfiable,ok,54.649,7182,strategies=8 workers=8 strategy_ids=0:4;1:8;2:12;3:11;4:2;5:14;6:15;7:1 result=Refutation elapsed_ms=54533 timeout=7 saturated=0 processed=7145 generated=430574 passive=74685 weight_discarded=4668 lrs_discarded=341969 fwd_subsumed=6824 shared_published=0 shared_imported=0 proof_nodes=243 proof_bytes=40423 proof_emitted=true,131.0,raw/mrs/ueq/GRP655-12.stdout,raw/mrs/ueq/GRP655-12.stderr,e4194e00fb45303c9dd6892d30f175cca2864c04242ce45549acad292ecae14d,b2c4e0d5191036ea227fba46f8f5f0eca7fd4c1ec8279de1e00ce997d4cdbdb4
casc-j13,ueq,GRP655-13,mrs,180,Timeout,Unsatisfiable,unknown,180.000,,,,raw/mrs/ueq/GRP655-13.stdout,raw/mrs/ueq/GRP655-13.stderr,e3b0c44298fc1c149afbf4c8996fb92427ae41e4649b934ca495991b7852b855,b9ab9bd93673424d12a8a3ee0356b7eab6533a7d81d15140b08f85e2a363c930
casc-j13,ueq,GRP655-14,mrs,180,Unsatisfiable,Unsatisfiable,ok,142.882,19471,strategies=8 workers=8 strategy_ids=0:4;1:8;2:12;3:11;4:2;5:14;6:15;7:1 result=Refutation elapsed_ms=142712 timeout=6 saturated=0 processed=9687 generated=758185 passive=70745 weight_discarded=1778 lrs_discarded=665517 fwd_subsumed=12286 shared_published=0 shared_imported=0 proof_nodes=171 proof_bytes=27934 proof_emitted=true,67.9,raw/mrs/ueq/GRP655-14.stdout,raw/mrs/ueq/GRP655-14.stderr,62f7e7fba09b799880be2b69453a93bb3aa6691482a8d0806904812fc024fe96,e89951a637377990e7fd5fa02f430c5aa1ed074cfe4298ca5184f4d0a93fc0c9
casc-j13,ueq,GRP656-10,mrs,180,Unsatisfiable,Unsatisfiable,ok,.122,2125,strategies=8 workers=8 strategy_ids=0:4;1:8;2:12;3:11;4:2;5:14;6:15;7:1 result=Refutation elapsed_ms=38 timeout=6 saturated=0 processed=157 generated=1565 passive=1404 weight_discarded=0 lrs_discarded=0 fwd_subsumed=46 shared_published=0 shared_imported=0 proof_nodes=16 proof_bytes=2359 proof_emitted=true,4131.6,raw/mrs/ueq/GRP656-10.stdout,raw/mrs/ueq/GRP656-10.stderr,ce18efbdc06cd927aec864f60b959023e06beddbdaaa112950555fb4cf53609f,88072bf2c62621022f2b3fa4fa380881076f5b0f0c9d500a4aca19a716f23ef2
casc-j13,ueq,GRP660-10,mrs,180,Timeout,Unsatisfiable,unknown,180.000,,,,raw/mrs/ueq/GRP660-10.stdout,raw/mrs/ueq/GRP660-10.stderr,e3b0c44298fc1c149afbf4c8996fb92427ae41e4649b934ca495991b7852b855,d80120c07668a1fc39c82eb055f6d0d1ac62fe457c89102320f3cfa454c26e29
casc-j13,ueq,GRP661-1,mrs,180,Timeout,Unsatisfiable,unknown,180.000,,,,raw/mrs/ueq/GRP661-1.stdout,raw/mrs/ueq/GRP661-1.stderr,e3b0c44298fc1c149afbf4c8996fb92427ae41e4649b934ca495991b7852b855,bad35702a332017164959d41bf3df36152e3850c6ae75159b71d786f34371666
casc-j13,ueq,GRP662-1,mrs,180,Timeout,Unsatisfiable,unknown,180.000,,,,raw/mrs/ueq/GRP662-1.stdout,raw/mrs/ueq/GRP662-1.stderr,e3b0c44298fc1c149afbf4c8996fb92427ae41e4649b934ca495991b7852b855,11aba49f0282e99c028e369954a348405110728955b9e355cf04a6d9f4941731
casc-j13,ueq,GRP663-1,mrs,180,Timeout,Unsatisfiable,unknown,178.920,29711,strategies=8 workers=8 strategy_ids=0:4;1:8;2:12;3:11;4:2;5:14;6:15;7:1 result=Timeout elapsed_ms=178738 timeout=8 saturated=0 processed=16593 generated=1215119 passive=55167 weight_discarded=46476 lrs_discarded=1131213 fwd_subsumed=12244 shared_published=0 shared_imported=0,92.8,raw/mrs/ueq/GRP663-1.stdout,raw/mrs/ueq/GRP663-1.stderr,d4f66311cc18f1f48d80efa09248b42d0db796ccece0722d279f6326fd786bc8,e14676a160c4fc62ff373d809517691e8aac2afa9fed29667f09e90d29c05a87
casc-j13,ueq,GRP664-10,mrs,180,Timeout,Unsatisfiable,unknown,180.000,,,,raw/mrs/ueq/GRP664-10.stdout,raw/mrs/ueq/GRP664-10.stderr,e3b0c44298fc1c149afbf4c8996fb92427ae41e4649b934ca495991b7852b855,dbf23f4dcfa594f166db9e3812950d66da0b8bd476be0e6acc7ac71badbac9bf
casc-j13,ueq,GRP664-11,mrs,180,Timeout,Unsatisfiable,unknown,178.604,23567,strategies=8 workers=8 strategy_ids=0:4;1:8;2:12;3:11;4:2;5:14;6:15;7:1 result=Timeout elapsed_ms=178407 timeout=8 saturated=0 processed=15702 generated=1170936 passive=57219 weight_discarded=62134 lrs_discarded=1086767 fwd_subsumed=11352 shared_published=0 shared_imported=0,88.0,raw/mrs/ueq/GRP664-11.stdout,raw/mrs/ueq/GRP664-11.stderr,589c8daa11344926b8d5a4789ecbb363ff5a324bbe9708648f1d4aa719290ac2,6d5d69f32f6963ef53b6cd9cb59dec0d6bf8fe8d938a0e6836f4b58e9ae1bb3e
casc-j13,ueq,GRP664-12,mrs,180,Timeout,Unsatisfiable,unknown,178.551,19471,strategies=8 workers=8 strategy_ids=0:4;1:8;2:12;3:11;4:2;5:14;6:15;7:1 result=Timeout elapsed_ms=178358 timeout=8 saturated=0 processed=16873 generated=1253814 passive=56071 weight_discarded=62663 lrs_discarded=1161766 fwd_subsumed=19207 shared_published=0 shared_imported=0,94.6,raw/mrs/ueq/GRP664-12.stdout,raw/mrs/ueq/GRP664-12.stderr,abc6f9f903fe07a009c744d5e9ff1fbdc4d77e4cca5e08f1a49eb45e1c9f444c,c286f99c31d63b5ed8c6d5323945b043107df1648c7cdb6428fba00ca8cf6772
casc-j13,ueq,GRP666-3,mrs,180,Timeout,Unsatisfiable,unknown,178.655,17423,strategies=8 workers=8 strategy_ids=0:4;1:8;2:12;3:11;4:2;5:14;6:15;7:1 result=Timeout elapsed_ms=178449 timeout=8 saturated=0 processed=15203 generated=869934 passive=57985 weight_discarded=62098 lrs_discarded=784802 fwd_subsumed=12062 shared_published=0 shared_imported=0,85.2,raw/mrs/ueq/GRP666-3.stdout,raw/mrs/ueq/GRP666-3.stderr,728f6b47fadd2d11aa5b03b2e5280bde13bc41f0f9ed06f14f5d9a679cdf9bd1,057216a6cb03e7787689b2d5908673149ab74c117717a124dd37d50f6871bdc3
casc-j13,ueq,GRP666-4,mrs,180,Timeout,Unsatisfiable,unknown,178.608,19471,strategies=8 workers=8 strategy_ids=0:4;1:8;2:12;3:11;4:2;5:14;6:15;7:1 result=Timeout elapsed_ms=178407 timeout=8 saturated=0 processed=15068 generated=959299 passive=66470 weight_discarded=69995 lrs_discarded=855147 fwd_subsumed=22731 shared_published=0 shared_imported=0,84.5,raw/mrs/ueq/GRP666-4.stdout,raw/mrs/ueq/GRP666-4.stderr,c742bfdb22bdc45bbf3d5ea5a2d45e9199651eda7e05e3dcd0475eef2021df78,1ee614933e4709663d80c99c7a44ec3b0c2ac12ba5aecb9612e73f5d588cc835
casc-j13,ueq,GRP666-5,mrs,180,Timeout,Unsatisfiable,unknown,178.611,19471,strategies=8 workers=8 strategy_ids=0:4;1:8;2:12;3:11;4:2;5:14;6:15;7:1 result=Timeout elapsed_ms=178414 timeout=8 saturated=0 processed=15804 generated=881007 passive=63220 weight_discarded=36026 lrs_discarded=786703 fwd_subsumed=15398 shared_published=0 shared_imported=0,88.6,raw/mrs/ueq/GRP666-5.stdout,raw/mrs/ueq/GRP666-5.stderr,0fc455dc34755069992410910fef1b363b20196e58497cedf53c6c8d0e025286,d368b49a3901ebdbc31c3767f63e3f008c7735eda334bea6e4a2b06e80d7c26b
casc-j13,ueq,GRP667-10,mrs,180,Timeout,Unsatisfiable,unknown,180.000,,,,raw/mrs/ueq/GRP667-10.stdout,raw/mrs/ueq/GRP667-10.stderr,e3b0c44298fc1c149afbf4c8996fb92427ae41e4649b934ca495991b7852b855,25599df234b8e648a3691378ca51b0f30df318cbeb1b744cbbd667f54fe0e331
casc-j13,ueq,GRP667-2,mrs,180,Timeout,Unsatisfiable,unknown,178.631,23567,strategies=8 workers=8 strategy_ids=0:4;1:8;2:12;3:11;4:2;5:14;6:15;7:1 result=Timeout elapsed_ms=178418 timeout=8 saturated=0 processed=15780 generated=1041142 passive=67828 weight_discarded=17358 lrs_discarded=943160 fwd_subsumed=14476 shared_published=0 shared_imported=0,88.4,raw/mrs/ueq/GRP667-2.stdout,raw/mrs/ueq/GRP667-2.stderr,f1301904bf90323290e1a0f89200827b17a4f669d9dc1613718f01f8cfa75aa5,144c54b0b89380e32867c8c6741f3e9a55cd84dd11a70274ea6126201827303d
casc-j13,ueq,GRP667-3,mrs,180,Timeout,Unsatisfiable,unknown,178.489,17422,strategies=8 workers=8 strategy_ids=0:4;1:8;2:12;3:11;4:2;5:14;6:15;7:1 result=Timeout elapsed_ms=178317 timeout=8 saturated=0 processed=14214 generated=952015 passive=79977 weight_discarded=22895 lrs_discarded=845713 fwd_subsumed=12213 shared_published=0 shared_imported=0,79.7,raw/mrs/ueq/GRP667-3.stdout,raw/mrs/ueq/GRP667-3.stderr,f13ec68b973e252d47cf885183a180df94cdb82ea1d9b5e4d5dfb5a090311259,6188c8a0850b10ec7842746c7c8b4d44801873c1cde8e4ec56c72f0dbbb94213
casc-j13,ueq,GRP667-4,mrs,180,Timeout,Unsatisfiable,unknown,178.646,23567,strategies=8 workers=8 strategy_ids=0:4;1:8;2:12;3:11;4:2;5:14;6:15;7:1 result=Timeout elapsed_ms=178444 timeout=8 saturated=0 processed=15290 generated=1119424 passive=72218 weight_discarded=23892 lrs_discarded=1016581 fwd_subsumed=15437 shared_published=0 shared_imported=0,85.7,raw/mrs/ueq/GRP667-4.stdout,raw/mrs/ueq/GRP667-4.stderr,b3b54a341aaa68ba0e158d8af76185d758c1b2f131fa09800f362d64edf4eec3,c06040445d9538394d0a5f4d98adce6255a47f28e587e2c8348c7bebb09259c0
casc-j13,ueq,GRP670-1,mrs,180,Timeout,Unsatisfiable,unknown,178.862,25615,strategies=8 workers=8 strategy_ids=0:4;1:8;2:12;3:11;4:2;5:14;6:15;7:1 result=Timeout elapsed_ms=178661 timeout=8 saturated=0 processed=16924 generated=889783 passive=52283 weight_discarded=2570 lrs_discarded=804011 fwd_subsumed=16673 shared_published=0 shared_imported=0,94.7,raw/mrs/ueq/GRP670-1.stdout,raw/mrs/ueq/GRP670-1.stderr,2edbd639d5813d5531e04c95cba7f7d349e8eb7010d00e854f0a7b19e578baf2,ef0d8be0aafd67af31311221224109edb5b3bc8442e20bbf20ee29ac17e60aa3
casc-j13,ueq,GRP681-1,mrs,180,Timeout,Unsatisfiable,unknown,178.535,17423,strategies=8 workers=8 strategy_ids=0:4;1:8;2:12;3:11;4:2;5:14;6:15;7:1 result=Timeout elapsed_ms=178359 timeout=8 saturated=0 processed=16345 generated=1156012 passive=45823 weight_discarded=11105 lrs_discarded=1075893 fwd_subsumed=18046 shared_published=0 shared_imported=0,91.6,raw/mrs/ueq/GRP681-1.stdout,raw/mrs/ueq/GRP681-1.stderr,4ee446693efdd59498472571a8423078b82413c3262863a8ba2eb496b2242404,943580c4f6cb950bb2273cec77f18de888de2f236139120b3db112dae85a404e
casc-j13,ueq,GRP689-1,mrs,180,Timeout,Unsatisfiable,unknown,178.598,19471,strategies=8 workers=8 strategy_ids=0:4;1:8;2:12;3:11;4:2;5:14;6:15;7:1 result=Timeout elapsed_ms=178393 timeout=8 saturated=0 processed=15286 generated=899298 passive=97827 weight_discarded=20931 lrs_discarded=768880 fwd_subsumed=17411 shared_published=0 shared_imported=0,85.7,raw/mrs/ueq/GRP689-1.stdout,raw/mrs/ueq/GRP689-1.stderr,5650da98ac472af09aa6a5f8e18d73c203afc6acd082208d12c2e80836317da2,79a23e02723c81da9ca664554af4113475505ea9c071eb4e321243a0bda87801
casc-j13,ueq,GRP690-1,mrs,180,Timeout,Unsatisfiable,unknown,180.000,,,,raw/mrs/ueq/GRP690-1.stdout,raw/mrs/ueq/GRP690-1.stderr,e3b0c44298fc1c149afbf4c8996fb92427ae41e4649b934ca495991b7852b855,24f024d6d6392f7d570261ff7c6a4661c5eb45406bcde31de9814fdea0c7c0ce
casc-j13,ueq,GRP691-1,mrs,180,Timeout,Unsatisfiable,unknown,178.744,19471,strategies=8 workers=8 strategy_ids=0:4;1:8;2:12;3:11;4:2;5:14;6:15;7:1 result=Timeout elapsed_ms=178517 timeout=8 saturated=0 processed=23771 generated=1271070 passive=74970 weight_discarded=53807 lrs_discarded=1151096 fwd_subsumed=21359 shared_published=0 shared_imported=0,133.2,raw/mrs/ueq/GRP691-1.stdout,raw/mrs/ueq/GRP691-1.stderr,9915d9ff62d0565f77c11f7bbf4c0c3c081d6ccd070a4951dacb56ba859595d7,5507381e94a01929ced1e223054ba2c5092ce187eaa3bc50ba2836b939874f16
casc-j13,ueq,GRP692-1,mrs,180,Timeout,Unsatisfiable,unknown,178.719,23567,strategies=8 workers=8 strategy_ids=0:4;1:8;2:12;3:11;4:2;5:14;6:15;7:1 result=Timeout elapsed_ms=178538 timeout=8 saturated=0 processed=20732 generated=1216675 passive=66987 weight_discarded=70214 lrs_discarded=1112776 fwd_subsumed=16313 shared_published=0 shared_imported=0,116.1,raw/mrs/ueq/GRP692-1.stdout,raw/mrs/ueq/GRP692-1.stderr,b1b2feb1842999809d7b461aaaca3df54605db3b64f6344aa186cff87df51b67,301138329830e0440c2deb13cd4ac4d6ffee966a1ce9e5c2486469769976b275
casc-j13,ueq,GRP693-1,mrs,180,Timeout,Unsatisfiable,unknown,179.654,23567,strategies=8 workers=8 strategy_ids=0:4;1:8;2:12;3:11;4:2;5:14;6:15;7:1 result=Timeout elapsed_ms=179548 timeout=8 saturated=0 processed=20934 generated=1144531 passive=68563 weight_discarded=27790 lrs_discarded=1038413 fwd_subsumed=16746 shared_published=0 shared_imported=0,116.6,raw/mrs/ueq/GRP693-1.stdout,raw/mrs/ueq/GRP693-1.stderr,5c710476b92965238a8de34ef808ab4ddbe3e9c687d1e93795137f723aef7a46,2fe8464f5ee62980422ea1c53c73ace22897d2df6c13cbc35e428921e011e8ce
casc-j13,ueq,GRP694-1,mrs,180,Timeout,Unsatisfiable,unknown,178.782,29711,strategies=8 workers=8 strategy_ids=0:4;1:8;2:12;3:11;4:2;5:14;6:15;7:1 result=Timeout elapsed_ms=178551 timeout=8 saturated=0 processed=20622 generated=1159130 passive=76615 weight_discarded=57077 lrs_discarded=1046299 fwd_subsumed=15720 shared_published=0 shared_imported=0,115.5,raw/mrs/ueq/GRP694-1.stdout,raw/mrs/ueq/GRP694-1.stderr,389ba86fa43671c2fd474f05bfbd13a067f70a2388a897d3e0ffd2f4761e1d44,33f3e3f7495bf56a7d5807ccf0de5578c0e8b0e489500355305c2a1bd7ada787
casc-j13,ueq,GRP695-1,mrs,180,Timeout,Unsatisfiable,unknown,180.000,,,,raw/mrs/ueq/GRP695-1.stdout,raw/mrs/ueq/GRP695-1.stderr,e3b0c44298fc1c149afbf4c8996fb92427ae41e4649b934ca495991b7852b855,a879101a9a66700c605958206bb1485cb6331f0ac5ccf99d5e7017db6541a9df
casc-j13,ueq,GRP696-1,mrs,180,Unsatisfiable,Unsatisfiable,ok,18.168,5133,strategies=8 workers=8 strategy_ids=0:4;1:8;2:12;3:11;4:2;5:14;6:15;7:1 result=Refutation elapsed_ms=18054 timeout=7 saturated=0 processed=5572 generated=226297 passive=112027 weight_discarded=8130 lrs_discarded=105422 fwd_subsumed=3393 shared_published=0 shared_imported=0 proof_nodes=141 proof_bytes=19774 proof_emitted=true,308.6,raw/mrs/ueq/GRP696-1.stdout,raw/mrs/ueq/GRP696-1.stderr,6fc78a9974c869fbbed4335a080adc34958cf509f5a427dd04c1259d8b470ce1,39d8e8ed2ee70799893a51cd3ec39477b2dd735a5aeb57294e09eddbab7136f4
casc-j13,ueq,GRP697-1,mrs,180,Unsatisfiable,Unsatisfiable,ok,3.408,3085,strategies=8 workers=8 strategy_ids=0:4;1:8;2:12;3:11;4:2;5:14;6:15;7:1 result=Refutation elapsed_ms=3298 timeout=7 saturated=0 processed=3302 generated=93621 passive=88438 weight_discarded=0 lrs_discarded=0 fwd_subsumed=1998 shared_published=0 shared_imported=0 proof_nodes=57 proof_bytes=7693 proof_emitted=true,1001.2,raw/mrs/ueq/GRP697-1.stdout,raw/mrs/ueq/GRP697-1.stderr,f3f5bb5b2e672d701e68f493ff1ba2cecebe01f2d4b7c44d65cbee768c7d24fd,a317b2dc3c9c63b2616832231b6e8e5b2bda9e6913efbf82d843db5fbf2b68a1
casc-j13,ueq,GRP705-1,mrs,180,Timeout,Unsatisfiable,unknown,180.000,,,,raw/mrs/ueq/GRP705-1.stdout,raw/mrs/ueq/GRP705-1.stderr,e3b0c44298fc1c149afbf4c8996fb92427ae41e4649b934ca495991b7852b855,7848c5cb76bcc7b6080ae1d98ed593eab9310528ff8da938ac06001336f2e09d
casc-j13,ueq,GRP706-1,mrs,180,Timeout,Unsatisfiable,unknown,178.609,25615,strategies=8 workers=8 strategy_ids=0:4;1:8;2:12;3:11;4:2;5:14;6:15;7:1 result=Timeout elapsed_ms=178444 timeout=8 saturated=0 processed=4855 generated=1135175 passive=75221 weight_discarded=11105 lrs_discarded=1051851 fwd_subsumed=3334 shared_published=0 shared_imported=0,27.2,raw/mrs/ueq/GRP706-1.stdout,raw/mrs/ueq/GRP706-1.stderr,c3a8a14492d97cd797fa9b9be599048ced3a87ace7ab737f5e8f4b5a8273551b,cfe4fc84113a0a75ed73ccb1d38fdb441f5245be6c952e1e4d8226fe59cb9e21
casc-j13,ueq,GRP719-1,mrs,180,Timeout,Unsatisfiable,unknown,178.511,13326,strategies=8 workers=8 strategy_ids=0:4;1:8;2:12;3:11;4:2;5:14;6:15;7:1 result=Timeout elapsed_ms=178343 timeout=8 saturated=0 processed=11077 generated=1046311 passive=123225 weight_discarded=1206 lrs_discarded=868457 fwd_subsumed=43660 shared_published=0 shared_imported=0,62.1,raw/mrs/ueq/GRP719-1.stdout,raw/mrs/ueq/GRP719-1.stderr,01757d337ada24ca84fc9f35c7c5ba681642daf740d7a8f583491f3c12657809,d3e47797b7c22eeef57691ea8273e1a1dd4255b3a8928a2205bf1731ce5762fa
casc-j13,ueq,GRP720-2,mrs,180,GaveUp,Unsatisfiable,unknown,178.440,11278,strategies=8 workers=8 strategy_ids=0:4;1:8;2:12;3:11;4:2;5:14;6:15;7:1 result=GaveUp elapsed_ms=178303 timeout=7 saturated=0 processed=5681 generated=1282413 passive=84570 weight_discarded=25516 lrs_discarded=1155233 fwd_subsumed=36985 shared_published=0 shared_imported=0,31.9,raw/mrs/ueq/GRP720-2.stdout,raw/mrs/ueq/GRP720-2.stderr,6c989cdaa732c011b3237b5ec32e320e6a0175cac74871e551f4369277500467,5dd696cb960a2308bcb6ed1750ef02f7556e163444eaeb7af284a97c05eb8dc9
casc-j13,ueq,GRP721-1,mrs,180,Timeout,Unsatisfiable,unknown,178.439,15374,strategies=8 workers=8 strategy_ids=0:4;1:8;2:12;3:11;4:2;5:14;6:15;7:1 result=Timeout elapsed_ms=178267 timeout=8 saturated=0 processed=9435 generated=1330921 passive=87537 weight_discarded=14586 lrs_discarded=1181173 fwd_subsumed=52858 shared_published=0 shared_imported=0,52.9,raw/mrs/ueq/GRP721-1.stdout,raw/mrs/ueq/GRP721-1.stderr,e1d5ed09262074751a5705da838c2a0e82cdae248a28fd949a0c7bcbc7c4fd0b,6b5e5828df2f5ca5d7278a91fc9b8e37207f7db5c41fa6bdf4df863e6ff66e3e
casc-j13,ueq,GRP727-1,mrs,180,Timeout,Unsatisfiable,unknown,178.592,21519,strategies=8 workers=8 strategy_ids=0:4;1:8;2:12;3:11;4:2;5:14;6:15;7:1 result=Timeout elapsed_ms=178436 timeout=8 saturated=0 processed=14324 generated=1087047 passive=90586 weight_discarded=436 lrs_discarded=949429 fwd_subsumed=32884 shared_published=0 shared_imported=0,80.3,raw/mrs/ueq/GRP727-1.stdout,raw/mrs/ueq/GRP727-1.stderr,3733ef1c61afae5f2aa299fdf099baac670f06842598127fec91493716f6ce1f,e438023ce6abacef670255d51b7955a742517e62cb125b9ea7457091bcc1e674
casc-j13,ueq,GRP751-1,mrs,180,Unsatisfiable,Unsatisfiable,ok,9.778,4109,strategies=8 workers=8 strategy_ids=0:4;1:8;2:12;3:11;4:2;5:14;6:15;7:1 result=Refutation elapsed_ms=9663 timeout=7 saturated=0 processed=2331 generated=266165 passive=161375 weight_discarded=17 lrs_discarded=101535 fwd_subsumed=1002 shared_published=0 shared_imported=0 proof_nodes=28 proof_bytes=4731 proof_emitted=true,241.2,raw/mrs/ueq/GRP751-1.stdout,raw/mrs/ueq/GRP751-1.stderr,941257fffb9f786c4c60e4ef04a5096659abb103539a5a75adfd3da4d80f9a7a,5f4de90a466f5219478fffa0eef5ddcb484839d0ad11ac287e878e1958306e3d
casc-j13,ueq,GRP752-1,mrs,180,Unsatisfiable,Unsatisfiable,ok,53.964,8206,strategies=8 workers=8 strategy_ids=0:4;1:8;2:12;3:11;4:2;5:14;6:15;7:1 result=Refutation elapsed_ms=53866 timeout=7 saturated=0 processed=5183 generated=846046 passive=91206 weight_discarded=2121 lrs_discarded=746136 fwd_subsumed=3599 shared_published=0 shared_imported=0 proof_nodes=49 proof_bytes=7768 proof_emitted=true,96.2,raw/mrs/ueq/GRP752-1.stdout,raw/mrs/ueq/GRP752-1.stderr,6649ba313e3a3c18ac1e7b00f08cf004342cf5d507be08ba49d92282eea3fc26,e22eac2aa92b3720f04a6228078b97ffb368338940c921097324bc1544af5b04
casc-j13,ueq,GRP753-1,mrs,180,Unsatisfiable,Unsatisfiable,ok,159.971,29711,strategies=8 workers=8 strategy_ids=0:4;1:8;2:12;3:11;4:2;5:14;6:15;7:1 result=Refutation elapsed_ms=159846 timeout=7 saturated=0 processed=10878 generated=1156452 passive=88619 weight_discarded=16004 lrs_discarded=1051178 fwd_subsumed=5851 shared_published=0 shared_imported=0 proof_nodes=68 proof_bytes=10100 proof_emitted=true,68.1,raw/mrs/ueq/GRP753-1.stdout,raw/mrs/ueq/GRP753-1.stderr,cd80429048a4366d045258df5f72f526e7a4b39fad73dd1e2ad097edf820923a,b3bba7794d2c01fe2fa5d28407f4da9f08b33d3f0924402f3cf47922cfe29782
casc-j13,ueq,GRP764-1,mrs,180,Timeout,Unsatisfiable,unknown,178.437,17423,strategies=8 workers=8 strategy_ids=0:4;1:8;2:12;3:11;4:2;5:14;6:15;7:1 result=Timeout elapsed_ms=178264 timeout=8 saturated=0 processed=20857 generated=936453 passive=56703 weight_discarded=17842 lrs_discarded=843245 fwd_subsumed=15774 shared_published=0 shared_imported=0,117.0,raw/mrs/ueq/GRP764-1.stdout,raw/mrs/ueq/GRP764-1.stderr,5c2404549b43a234ee4b42639320cae18d80ee090c94157b659bc95912661c0d,4b57117c48e5ff196b4e798c0e1834e6440bfe9694da3a85623e1572c6ef5a57
casc-j13,ueq,GRP765-1,mrs,180,Timeout,Unsatisfiable,unknown,180.000,,,,raw/mrs/ueq/GRP765-1.stdout,raw/mrs/ueq/GRP765-1.stderr,e3b0c44298fc1c149afbf4c8996fb92427ae41e4649b934ca495991b7852b855,42b7b1513a48bb1eeac2ae6f50d921d6015fd2c8dc44b972bd5f6ace2f91ee23
casc-j13,ueq,GRP766-1,mrs,180,Unsatisfiable,Unsatisfiable,ok,141.252,15374,strategies=8 workers=8 strategy_ids=0:4;1:8;2:12;3:11;4:2;5:14;6:15;7:1 result=Refutation elapsed_ms=141070 timeout=7 saturated=0 processed=18850 generated=1200225 passive=48359 weight_discarded=8 lrs_discarded=1112410 fwd_subsumed=20778 shared_published=0 shared_imported=0 proof_nodes=41 proof_bytes=6301 proof_emitted=true,133.6,raw/mrs/ueq/GRP766-1.stdout,raw/mrs/ueq/GRP766-1.stderr,c09800efac80ef53d66ca5795c176491e2605fedc0bf4da6d151583423d24dee,961b334e7c7081a2be3c6654c8444de6e7584a753b1ec874027c064ac48b4a3d
casc-j13,ueq,GRP769-1,mrs,180,Timeout,Unsatisfiable,unknown,178.496,15374,strategies=8 workers=8 strategy_ids=0:4;1:8;2:12;3:11;4:2;5:14;6:15;7:1 result=Timeout elapsed_ms=178301 timeout=8 saturated=0 processed=19581 generated=1088176 passive=93840 weight_discarded=133 lrs_discarded=944175 fwd_subsumed=30802 shared_published=0 shared_imported=0,109.8,raw/mrs/ueq/GRP769-1.stdout,raw/mrs/ueq/GRP769-1.stderr,be64e86f44fe9a53f388f503161948fbaefece39bd76e4fa19a6119fa8a3cab1,47a17ffc9bac05a7fd97daa22f5d8e3283a6c0109234f3f0fbeec486993967e9
casc-j13,ueq,GRP770-1,mrs,180,Timeout,Unsatisfiable,unknown,178.536,19471,strategies=8 workers=8 strategy_ids=0:4;1:8;2:12;3:11;4:2;5:14;6:15;7:1 result=Timeout elapsed_ms=178332 timeout=8 saturated=0 processed=20395 generated=1213716 passive=53744 weight_discarded=1 lrs_discarded=1084382 fwd_subsumed=55417 shared_published=0 shared_imported=0,114.4,raw/mrs/ueq/GRP770-1.stdout,raw/mrs/ueq/GRP770-1.stderr,833c9d01e2ec051b19a74822e85bceb7a2f17a57fbd63e302668cbaa33261b50,fb16013b1c893cc55e9acbe9b46cc3689fd570854acd8f0c3c79ae45954aba11
casc-j13,ueq,GRP772-1,mrs,180,Unsatisfiable,Unsatisfiable,ok,2.115,2125,strategies=8 workers=8 strategy_ids=0:4;1:8;2:12;3:11;4:2;5:14;6:15;7:1 result=Refutation elapsed_ms=2020 timeout=7 saturated=0 processed=2540 generated=58743 passive=54125 weight_discarded=845 lrs_discarded=0 fwd_subsumed=2345 shared_published=0 shared_imported=0 proof_nodes=36 proof_bytes=4842 proof_emitted=true,1257.4,raw/mrs/ueq/GRP772-1.stdout,raw/mrs/ueq/GRP772-1.stderr,11537b00f4da55cbef146300c410e4c2e5c5ac7986572ba2702f60b6b0a7e14f,bf55bcca34454b8f98b3de5f211dda231e410cf0717a57b08a7bd161946f990f
casc-j13,ueq,HEN010-10,mrs,180,Unsatisfiable,Unsatisfiable,ok,1.351,2125,strategies=8 workers=8 strategy_ids=0:4;1:8;2:12;3:11;4:2;5:14;6:15;7:1 result=Refutation elapsed_ms=1282 timeout=7 saturated=0 processed=2546 generated=20025 passive=16409 weight_discarded=0 lrs_discarded=0 fwd_subsumed=1247 shared_published=0 shared_imported=0 proof_nodes=77 proof_bytes=14434 proof_emitted=true,1986.0,raw/mrs/ueq/HEN010-10.stdout,raw/mrs/ueq/HEN010-10.stderr,91b3d81f7147e75d08f98b20acb671012346aec07707c7e43586e37894fe5541,fee65bb7ac59560cc59a52267fe60ab1fcc41777b59afd01ca82ab8951e73870
casc-j13,ueq,KLE044-10,mrs,180,Unsatisfiable,Unsatisfiable,ok,6.848,3085,strategies=8 workers=8 strategy_ids=0:4;1:8;2:12;3:11;4:2;5:14;6:15;7:1 result=Refutation elapsed_ms=6736 timeout=7 saturated=0 processed=4686 generated=137441 passive=126514 weight_discarded=0 lrs_discarded=3611 fwd_subsumed=2809 shared_published=0 shared_imported=0 proof_nodes=79 proof_bytes=14809 proof_emitted=true,695.7,raw/mrs/ueq/KLE044-10.stdout,raw/mrs/ueq/KLE044-10.stderr,9c14f6cee5de3a7b281c368c9cd88d55ccec7786ac7a23f31f4a6c75328570f0,91cce1c6e8ba6374db59a5b6e6917e2ba6d9af1cd29452062b85debbd2b34ac7
casc-j13,ueq,KLE084-10,mrs,180,Unsatisfiable,Unsatisfiable,ok,7.943,4109,strategies=8 workers=8 strategy_ids=0:4;1:8;2:12;3:11;4:2;5:14;6:15;7:1 result=Refutation elapsed_ms=7827 timeout=7 saturated=0 processed=7612 generated=173967 passive=161741 weight_discarded=0 lrs_discarded=1276 fwd_subsumed=3526 shared_published=0 shared_imported=0 proof_nodes=138 proof_bytes=23922 proof_emitted=true,972.5,raw/mrs/ueq/KLE084-10.stdout,raw/mrs/ueq/KLE084-10.stderr,556369781363f2e9c36a84332ccb0e867eb2b94dd0b52f8b3f56fa04cc61cc39,98e5d6bd58f28584114d77bc001ff13392282b4a9290cb7dbb9b888f409a4717
casc-j13,ueq,KLE104-10,mrs,180,Timeout,Unsatisfiable,unknown,178.701,17422,strategies=8 workers=8 strategy_ids=0:4;1:8;2:12;3:11;4:2;5:14;6:15;7:1 result=Timeout elapsed_ms=178490 timeout=8 saturated=0 processed=36230 generated=960741 passive=45880 weight_discarded=0 lrs_discarded=843352 fwd_subsumed=35530 shared_published=0 shared_imported=0,203.0,raw/mrs/ueq/KLE104-10.stdout,raw/mrs/ueq/KLE104-10.stderr,abf86c0ace7368dcdf146d5f74dcb0eba23b91cc62f84a04527540a8ac6c3564,a16f9e4a1bea45858f2522dd8e63c4fc4f62519b5f5ae927ae9579d7611bd691
casc-j13,ueq,KLE108-10,mrs,180,Timeout,Unsatisfiable,unknown,178.695,19470,strategies=8 workers=8 strategy_ids=0:4;1:8;2:12;3:11;4:2;5:14;6:15;7:1 result=Timeout elapsed_ms=178522 timeout=8 saturated=0 processed=47520 generated=924454 passive=46094 weight_discarded=0 lrs_discarded=803601 fwd_subsumed=27491 shared_published=0 shared_imported=0,266.2,raw/mrs/ueq/KLE108-10.stdout,raw/mrs/ueq/KLE108-10.stderr,53d5edee72a3851ac2ec4aa4e45989b563c1b6b8776c73e7e1b17abfd6077a8a,d9ca75be3853914579975fe405a6bc30458a9834f25415ab2d9c8d7b5e76785c
casc-j13,ueq,KLE110-10,mrs,180,Timeout,Unsatisfiable,unknown,180.000,,,,raw/mrs/ueq/KLE110-10.stdout,raw/mrs/ueq/KLE110-10.stderr,e3b0c44298fc1c149afbf4c8996fb92427ae41e4649b934ca495991b7852b855,cfb97f5c62d105695f4c08dde2fa0eedddd14e4559af8aedeab5035610fc8d23
casc-j13,ueq,KLE122-10,mrs,180,Timeout,Unsatisfiable,unknown,178.737,21519,strategies=8 workers=8 strategy_ids=0:4;1:8;2:12;3:11;4:2;5:14;6:15;7:1 result=Timeout elapsed_ms=178519 timeout=8 saturated=0 processed=41620 generated=1076765 passive=48063 weight_discarded=0 lrs_discarded=949908 fwd_subsumed=37467 shared_published=0 shared_imported=0,233.1,raw/mrs/ueq/KLE122-10.stdout,raw/mrs/ueq/KLE122-10.stderr,9c2e8d41e3743bca0bcdebe6a4e26c276326960e676dca2b2fc782cd2c9d8169,a780e2873124a679ac91927243002be4ee94fab62b0c9f5d153b81dc7928d71b
casc-j13,ueq,KLE145-10,mrs,180,Unsatisfiable,Unsatisfiable,ok,19.368,4109,strategies=8 workers=8 strategy_ids=0:4;1:8;2:12;3:11;4:2;5:14;6:15;7:1 result=Refutation elapsed_ms=19254 timeout=7 saturated=0 processed=11344 generated=238676 passive=134329 weight_discarded=0 lrs_discarded=88689 fwd_subsumed=4484 shared_published=0 shared_imported=0 proof_nodes=111 proof_bytes=20391 proof_emitted=true,589.2,raw/mrs/ueq/KLE145-10.stdout,raw/mrs/ueq/KLE145-10.stderr,c1c80516c2c6430b23f1fa359a5017c74171f5f0390cde43adae53eb63393412,7cf1c15a348462326297c95c2605036b658e52e5f42d7bcb819b64f49050d97f
casc-j13,ueq,KLE147-10,mrs,180,Timeout,Unsatisfiable,unknown,178.486,15374,strategies=8 workers=8 strategy_ids=0:4;1:8;2:12;3:11;4:2;5:14;6:15;7:1 result=Timeout elapsed_ms=178284 timeout=8 saturated=0 processed=29126 generated=976977 passive=49210 weight_discarded=93 lrs_discarded=870620 fwd_subsumed=28234 shared_published=0 shared_imported=0,163.4,raw/mrs/ueq/KLE147-10.stdout,raw/mrs/ueq/KLE147-10.stderr,b00357c4febdc40dc4ff5670aa4b63d6c1e06189e84d26981442f809597c8899,b67f98e462a53bce698d7267f77522beae21abe6e4194972fa1ed85be181b6b1
casc-j13,ueq,KLE152-10,mrs,180,Unsatisfiable,Unsatisfiable,ok,77.237,11278,strategies=8 workers=8 strategy_ids=0:4;1:8;2:12;3:11;4:2;5:14;6:15;7:1 result=Refutation elapsed_ms=77082 timeout=7 saturated=0 processed=19877 generated=615275 passive=82430 weight_discarded=0 lrs_discarded=499297 fwd_subsumed=13855 shared_published=0 shared_imported=0 proof_nodes=146 proof_bytes=26959 proof_emitted=true,257.9,raw/mrs/ueq/KLE152-10.stdout,raw/mrs/ueq/KLE152-10.stderr,28746d756970745fd4b6c9274f3e6f7e14f133b82fac7bd1bc804df8a898c9fe,65c1133eb133603f0ba555be12ae9a5031d9454587c0a5124db213464a65abda
casc-j13,ueq,KLE169-10,mrs,180,Unsatisfiable,Unsatisfiable,ok,45.742,6157,strategies=8 workers=8 strategy_ids=0:4;1:8;2:12;3:11;4:2;5:14;6:15;7:1 result=Refutation elapsed_ms=45646 timeout=7 saturated=0 processed=12923 generated=425386 passive=83714 weight_discarded=0 lrs_discarded=321525 fwd_subsumed=7400 shared_published=0 shared_imported=0 proof_nodes=131 proof_bytes=22368 proof_emitted=true,283.1,raw/mrs/ueq/KLE169-10.stdout,raw/mrs/ueq/KLE169-10.stderr,3275f070d18df3943c8b13e15a85a10e3511b1cd7c1b19af663bca2a2020ebd1,8f7bfe45dc5b458849fa1bb8e2bc9c5e9785c69f038ec8e08a27f509541804e3
casc-j13,ueq,LAT017-1,mrs,180,Unsatisfiable,Unsatisfiable,ok,102.124,11278,strategies=8 workers=8 strategy_ids=0:4;1:8;2:12;3:11;4:2;5:14;6:15;7:1 result=Refutation elapsed_ms=101956 timeout=7 saturated=0 processed=35993 generated=558433 passive=59407 weight_discarded=0 lrs_discarded=454534 fwd_subsumed=8586 shared_published=0 shared_imported=0 proof_nodes=128 proof_bytes=19969 proof_emitted=true,353.0,raw/mrs/ueq/LAT017-1.stdout,raw/mrs/ueq/LAT017-1.stderr,c72029c29d736e54caf085a5cdfe4375489c69134083e02926ae1b0c721a1ffd,c0bff9b4cd634253ca2e3e4d1270426c808c23d4a6d62bd53c48577a74372a1a
casc-j13,ueq,LAT018-1,mrs,180,Unsatisfiable,Unsatisfiable,ok,62.524,8206,strategies=8 workers=8 strategy_ids=0:4;1:8;2:12;3:11;4:2;5:14;6:15;7:1 result=Refutation elapsed_ms=62357 timeout=7 saturated=0 processed=25647 generated=408928 passive=80309 weight_discarded=0 lrs_discarded=296768 fwd_subsumed=6285 shared_published=0 shared_imported=0 proof_nodes=147 proof_bytes=21718 proof_emitted=true,411.3,raw/mrs/ueq/LAT018-1.stdout,raw/mrs/ueq/LAT018-1.stderr,bfa7de9c21324574875e95dfdf3e29324d0953cee2fa4c38d1554b29dc88ebb4,dfa252884ad7fae752c3d2d186d828bf522de8b23ab9d42c8c38d27a8d73dce2
casc-j13,ueq,LAT020-1,mrs,180,Timeout,Unsatisfiable,unknown,178.481,11278,strategies=8 workers=8 strategy_ids=0:4;1:8;2:12;3:11;4:2;5:14;6:15;7:1 result=Timeout elapsed_ms=178283 timeout=8 saturated=0 processed=23333 generated=476101 passive=38553 weight_discarded=60913 lrs_discarded=412719 fwd_subsumed=1559 shared_published=0 shared_imported=0,130.9,raw/mrs/ueq/LAT020-1.stdout,raw/mrs/ueq/LAT020-1.stderr,b815a63600f7c2428737590e5f2e2ad0423eecec003ffb0a66eef14ab603b911,8d5aaf28d4c95ac97242824f1f570542ea201741f66f72fab10b75cd4e826e62
casc-j13,ueq,LAT022-1,mrs,180,Timeout,Unsatisfiable,unknown,178.735,17422,strategies=8 workers=8 strategy_ids=0:4;1:8;2:12;3:11;4:2;5:14;6:15;7:1 result=Timeout elapsed_ms=178503 timeout=8 saturated=0 processed=25162 generated=788797 passive=46770 weight_discarded=13900 lrs_discarded=715474 fwd_subsumed=1457 shared_published=0 shared_imported=0,141.0,raw/mrs/ueq/LAT022-1.stdout,raw/mrs/ueq/LAT022-1.stderr,4ffa859cf876c533322e78ded26c765c373ccd8786524f4e23c92bd7606d94e6,6ae32b2f7662f597a277eac438fea05744209f5aacdce35f208ca74e091fcd19
casc-j13,ueq,LAT044-1,mrs,180,Unsatisfiable,Unsatisfiable,ok,60.445,11278,strategies=8 workers=8 strategy_ids=0:4;1:8;2:12;3:11;4:2;5:14;6:15;7:1 result=Refutation elapsed_ms=60303 timeout=7 saturated=0 processed=24669 generated=278966 passive=68326 weight_discarded=18 lrs_discarded=179804 fwd_subsumed=6271 shared_published=0 shared_imported=0 proof_nodes=150 proof_bytes=24950 proof_emitted=true,409.1,raw/mrs/ueq/LAT044-1.stdout,raw/mrs/ueq/LAT044-1.stderr,0c4ebd46d558654cbcddad864f195697244fabc1c35048401f3256b80ca277d2,e3007ced1dbfed046bdbe2016f516ab87e8fbfb5d20f5eb943f4b45141aecd77
casc-j13,ueq,LAT065-10,mrs,180,Timeout,Unsatisfiable,unknown,178.394,9230,strategies=8 workers=8 strategy_ids=0:4;1:8;2:12;3:11;4:2;5:14;6:15;7:1 result=Timeout elapsed_ms=178213 timeout=8 saturated=0 processed=29348 generated=317447 passive=55013 weight_discarded=44157 lrs_discarded=229383 fwd_subsumed=3800 shared_published=0 shared_imported=0,164.7,raw/mrs/ueq/LAT065-10.stdout,raw/mrs/ueq/LAT065-10.stderr,d50ebf24ca76ca8bddf2e9b8576a2d4fef946b8ab8f2de406578c318477195a3,663676d25c20395d1b8182ef1a98ed48c3cbb4c70704403f88fdf8fafcf00455
casc-j13,ueq,LAT070-1,mrs,180,Unsatisfiable,Unsatisfiable,ok,4.253,2125,strategies=8 workers=8 strategy_ids=0:4;1:8;2:12;3:11;4:2;5:14;6:15;7:1 result=Refutation elapsed_ms=4152 timeout=7 saturated=0 processed=1471 generated=53519 passive=50679 weight_discarded=7489 lrs_discarded=0 fwd_subsumed=1400 shared_published=0 shared_imported=0 proof_nodes=77 proof_bytes=11366 proof_emitted=true,354.3,raw/mrs/ueq/LAT070-1.stdout,raw/mrs/ueq/LAT070-1.stderr,2c59abba6de673e94ec2f84654f7a8166458854ff328a6622a1582e02c102b82,b1414d0d32c3028ce55a7eeee92c326bdbb0e05f6d9eec4756511134df499d55
casc-j13,ueq,LAT072-1,mrs,180,Unsatisfiable,Unsatisfiable,ok,2.853,2125,strategies=8 workers=8 strategy_ids=0:4;1:8;2:12;3:11;4:2;5:14;6:15;7:1 result=Refutation elapsed_ms=2744 timeout=7 saturated=0 processed=1725 generated=33708 passive=30238 weight_discarded=2708 lrs_discarded=0 fwd_subsumed=1776 shared_published=0 shared_imported=0 proof_nodes=86 proof_bytes=13728 proof_emitted=true,628.6,raw/mrs/ueq/LAT072-1.stdout,raw/mrs/ueq/LAT072-1.stderr,4534ed76e243f078592e998b4a21fc7a9f9f989eec17a28ba98aee4e14727fbc,65eed51454cd2f465a2866d184125b6a79162e803420ccd8563c00da74a3c9ce
casc-j13,ueq,LAT076-1,mrs,180,Unsatisfiable,Unsatisfiable,ok,117.803,7182,strategies=8 workers=8 strategy_ids=0:4;1:8;2:12;3:11;4:2;5:14;6:15;7:1 result=Refutation elapsed_ms=117701 timeout=7 saturated=0 processed=4050 generated=228425 passive=65710 weight_discarded=119443 lrs_discarded=153707 fwd_subsumed=4989 shared_published=0 shared_imported=0 proof_nodes=201 proof_bytes=35834 proof_emitted=true,34.4,raw/mrs/ueq/LAT076-1.stdout,raw/mrs/ueq/LAT076-1.stderr,266ac25d5c75382db275b51ae68f57b70eaa5fc37da639a6ae3b716543f3ad87,c08f9d6e01fb34115d810504efdd3e65d9f0545be9efdcacb4f054d982416873
casc-j13,ueq,LAT078-1,mrs,180,Unsatisfiable,Unsatisfiable,ok,6.574,3085,strategies=8 workers=8 strategy_ids=0:4;1:8;2:12;3:11;4:2;5:14;6:15;7:1 result=Refutation elapsed_ms=6468 timeout=7 saturated=0 processed=945 generated=49510 passive=45623 weight_discarded=20709 lrs_discarded=0 fwd_subsumed=2973 shared_published=0 shared_imported=0 proof_nodes=96 proof_bytes=18773 proof_emitted=true,146.1,raw/mrs/ueq/LAT078-1.stdout,raw/mrs/ueq/LAT078-1.stderr,3f393752853007fc06f4d9b8692ee4f917713d8973549452cb73809ba33c9a8e,881298b526610d095c291287453b2ca9372889d66191c8c1590d9f54ed82f0be
casc-j13,ueq,LAT079-1,mrs,180,Timeout,Unsatisfiable,unknown,179.786,33807,strategies=8 workers=8 strategy_ids=0:4;1:8;2:12;3:11;4:2;5:14;6:15;7:1 result=Timeout elapsed_ms=179674 timeout=8 saturated=0 processed=6552 generated=714214 passive=46829 weight_discarded=235082 lrs_discarded=641817 fwd_subsumed=19058 shared_published=0 shared_imported=0,36.5,raw/mrs/ueq/LAT079-1.stdout,raw/mrs/ueq/LAT079-1.stderr,065fcb5a9478f22025badecd0d940f13c3b235432d107da497acd1b05cb176a3,3623507c57a9e369c08ac8fe8c6beb2e01af50e0bf4e541b8e0b8269632a0084
casc-j13,ueq,LAT080-1,mrs,180,Unsatisfiable,Unsatisfiable,ok,13.673,2125,strategies=8 workers=8 strategy_ids=0:4;1:8;2:12;3:11;4:2;5:14;6:15;7:1 result=Refutation elapsed_ms=13573 timeout=3 saturated=0 processed=312 generated=5971 passive=5404 weight_discarded=3371 lrs_discarded=0 fwd_subsumed=273 shared_published=0 shared_imported=0 proof_nodes=110 proof_bytes=130526 proof_emitted=true,23.0,raw/mrs/ueq/LAT080-1.stdout,raw/mrs/ueq/LAT080-1.stderr,e62ec962da2bd010472eacfd8e42b33f73d725e27c35f3982a25b7379f736799,41543fff6937d5960a1cc8e48d2582b58646f6277dc46ed40f78280ff29d776b
casc-j13,ueq,LAT081-1,mrs,180,Unsatisfiable,Unsatisfiable,ok,14.516,2125,strategies=8 workers=8 strategy_ids=0:4;1:8;2:12;3:11;4:2;5:14;6:15;7:1 result=Refutation elapsed_ms=14417 timeout=3 saturated=0 processed=870 generated=21408 passive=19473 weight_discarded=7410 lrs_discarded=0 fwd_subsumed=1088 shared_published=0 shared_imported=0 proof_nodes=173 proof_bytes=145534 proof_emitted=true,60.3,raw/mrs/ueq/LAT081-1.stdout,raw/mrs/ueq/LAT081-1.stderr,f7cd86c059fed9ae7ad0332698b0e576b7bca07346c2e45b860a8198d2faf330,de89fd64a0fc8129b2fe1da049677fa9c7e8f3cde9c9d994ce35649b4910b418
casc-j13,ueq,LAT082-1,mrs,180,GaveUp,Unsatisfiable,unknown,178.312,2125,strategies=8 workers=8 strategy_ids=0:4;1:8;2:12;3:11;4:2;5:14;6:15;7:1 result=GaveUp elapsed_ms=178191 timeout=4 saturated=0 processed=1844 generated=101103 passive=36180 weight_discarded=44470 lrs_discarded=53679 fwd_subsumed=9432 shared_published=0 shared_imported=0,10.3,raw/mrs/ueq/LAT082-1.stdout,raw/mrs/ueq/LAT082-1.stderr,e12958e48970bbf0a4ec0960c62190e1a838c04f2e0594a9b60ecef47b39432d,a07624b830576cf0ae9d98372be2f81115faeac47b5f81ca56df56faa08bb554
casc-j13,ueq,LAT083-1,mrs,180,Unsatisfiable,Unsatisfiable,ok,18.508,2125,strategies=8 workers=8 strategy_ids=0:4;1:8;2:12;3:11;4:2;5:14;6:15;7:1 result=Refutation elapsed_ms=18411 timeout=3 saturated=0 processed=343 generated=6360 passive=5710 weight_discarded=4463 lrs_discarded=0 fwd_subsumed=325 shared_published=0 shared_imported=0 proof_nodes=104 proof_bytes=42565 proof_emitted=true,18.6,raw/mrs/ueq/LAT083-1.stdout,raw/mrs/ueq/LAT083-1.stderr,37ff7a55c5b4a3cb375ba6f4a8fa06066cf464e08832ac71a607a27c24f78f5e,d92eb863cc94e618ff758c5d548df398cd483ac6c2c8bb30a1934e6f86576049
casc-j13,ueq,LAT084-1,mrs,180,Unsatisfiable,Unsatisfiable,ok,13.872,2125,strategies=8 workers=8 strategy_ids=0:4;1:8;2:12;3:11;4:2;5:14;6:15;7:1 result=Refutation elapsed_ms=13775 timeout=3 saturated=0 processed=767 generated=21806 passive=20290 weight_discarded=9567 lrs_discarded=0 fwd_subsumed=772 shared_published=0 shared_imported=0 proof_nodes=189 proof_bytes=143139 proof_emitted=true,55.7,raw/mrs/ueq/LAT084-1.stdout,raw/mrs/ueq/LAT084-1.stderr,5d78056cd81cfb1a8663e14c67796b90677e93ae77a261645f42a26eaaab9015,fde7999cdd0a46e98d4e6fc5e574b650d33e8c897f3d5dedc6e02732fd28899c
casc-j13,ueq,LAT085-1,mrs,180,Unsatisfiable,Unsatisfiable,ok,146.813,4941,strategies=8 workers=8 strategy_ids=0:4;1:8;2:12;3:11;4:2;5:14;6:15;7:1 result=Refutation elapsed_ms=146709 timeout=3 saturated=0 processed=1438 generated=64843 passive=29646 weight_discarded=947 lrs_discarded=29138 fwd_subsumed=4649 shared_published=0 shared_imported=0 proof_nodes=149 proof_bytes=49223 proof_emitted=true,9.8,raw/mrs/ueq/LAT085-1.stdout,raw/mrs/ueq/LAT085-1.stderr,2067223df6457dbed3a7e3d8e23c440029f3d88b8be702d1c34a912b0ca8596e,b0c2e185dda338a259c5314b0f2d4855899c808675f767381042b4d14d35b373
casc-j13,ueq,LAT086-1,mrs,180,GaveUp,Unsatisfiable,unknown,178.231,2893,strategies=8 workers=8 strategy_ids=0:4;1:8;2:12;3:11;4:2;5:14;6:15;7:1 result=GaveUp elapsed_ms=178107 timeout=4 saturated=0 processed=2030 generated=148358 passive=16567 weight_discarded=58115 lrs_discarded=116516 fwd_subsumed=13269 shared_published=0 shared_imported=0,11.4,raw/mrs/ueq/LAT086-1.stdout,raw/mrs/ueq/LAT086-1.stderr,75d3e515bcd8511a7a887fb690d79c9750d887c3be0163afaad3cf7b0a6d64c0,02d2fe7c4875417218d243243233d0c2a86c045ee2d32d6129ba58462c2a319b
casc-j13,ueq,LAT087-1,mrs,180,GaveUp,Unsatisfiable,unknown,178.196,2893,strategies=8 workers=8 strategy_ids=0:4;1:8;2:12;3:11;4:2;5:14;6:15;7:1 result=GaveUp elapsed_ms=178081 timeout=4 saturated=0 processed=2330 generated=172289 passive=20017 weight_discarded=35452 lrs_discarded=140834 fwd_subsumed=9132 shared_published=0 shared_imported=0,13.1,raw/mrs/ueq/LAT087-1.stdout,raw/mrs/ueq/LAT087-1.stderr,95b8680a96f26c62bd01bd9e5f0bcbe1e51f52348f303bd18a53c5cafd817a4c,b36f7bedb98fcf8c5990557057673255f066fdd719a5c28347b60568e4e3fabc
casc-j13,ueq,LAT092-1,mrs,180,Unsatisfiable,Unsatisfiable,ok,7.699,2061,strategies=8 workers=8 strategy_ids=0:4;1:8;2:12;3:11;4:2;5:14;6:15;7:1 result=Refutation elapsed_ms=7605 timeout=3 saturated=0 processed=418 generated=6336 passive=5524 weight_discarded=3307 lrs_discarded=0 fwd_subsumed=412 shared_published=0 shared_imported=0 proof_nodes=50 proof_bytes=30492 proof_emitted=true,55.0,raw/mrs/ueq/LAT092-1.stdout,raw/mrs/ueq/LAT092-1.stderr,48c0255355250ea8e3d98244e6d4ee4644bd492f1f06b8cfcb9415c31efeb600,62ddca4f3bad88a23a3bbbf8380200b790edb0e673f399f5b1bcc18177a931b1
casc-j13,ueq,LAT093-1,mrs,180,Unsatisfiable,Unsatisfiable,ok,8.055,2061,strategies=8 workers=8 strategy_ids=0:4;1:8;2:12;3:11;4:2;5:14;6:15;7:1 result=Refutation elapsed_ms=7968 timeout=3 saturated=0 processed=908 generated=14154 passive=12416 weight_discarded=5554 lrs_discarded=0 fwd_subsumed=853 shared_published=0 shared_imported=0 proof_nodes=201 proof_bytes=147626 proof_emitted=true,114.0,raw/mrs/ueq/LAT093-1.stdout,raw/mrs/ueq/LAT093-1.stderr,14d9aee26112535d762146f6da671a2111fdc94beb3733f12081bffaf1406ca6,100cad5001aa7be3f55da281d0d6f4e315ff9d576d6bc1697208223fcc8742f9
casc-j13,ueq,LAT094-1,mrs,180,Unsatisfiable,Unsatisfiable,ok,10.419,2061,strategies=8 workers=8 strategy_ids=0:4;1:8;2:12;3:11;4:2;5:14;6:15;7:1 result=Refutation elapsed_ms=10327 timeout=3 saturated=0 processed=326 generated=5336 passive=4646 weight_discarded=4283 lrs_discarded=0 fwd_subsumed=382 shared_published=0 shared_imported=0 proof_nodes=122 proof_bytes=127726 proof_emitted=true,31.6,raw/mrs/ueq/LAT094-1.stdout,raw/mrs/ueq/LAT094-1.stderr,60f4d7f624f2d97fc9845df5c85e2a6ddee094a2e89fe11d25a33a09e4e869af,fc83aa46dbee2fc47efa1c3c322b9e06ff7fefacba7a0de433f092b9c33948ea
casc-j13,ueq,LAT095-1,mrs,180,Unsatisfiable,Unsatisfiable,ok,7.825,2125,strategies=8 workers=8 strategy_ids=0:4;1:8;2:12;3:11;4:2;5:14;6:15;7:1 result=Refutation elapsed_ms=7732 timeout=3 saturated=0 processed=400 generated=7306 passive=6432 weight_discarded=4566 lrs_discarded=0 fwd_subsumed=497 shared_published=0 shared_imported=0 proof_nodes=130 proof_bytes=45285 proof_emitted=true,51.7,raw/mrs/ueq/LAT095-1.stdout,raw/mrs/ueq/LAT095-1.stderr,2fc496fee0f8e3db83148a61c797cd1eea72c5927e967f27cb315aa99c75b9ac,10c4062d3f54dc1f8f348216ba8d84063b34a9b9cf66191c7e75b3fdbcf11c5d
casc-j13,ueq,LAT096-1,mrs,180,GaveUp,Unsatisfiable,unknown,178.237,2893,strategies=8 workers=8 strategy_ids=0:4;1:8;2:12;3:11;4:2;5:14;6:15;7:1 result=GaveUp elapsed_ms=178135 timeout=4 saturated=0 processed=4134 generated=202801 passive=17191 weight_discarded=33017 lrs_discarded=170983 fwd_subsumed=10523 shared_published=0 shared_imported=0,23.2,raw/mrs/ueq/LAT096-1.stdout,raw/mrs/ueq/LAT096-1.stderr,13aae7ee7da7f35060d4643c408617e1eff2242c067afe1c8e3f26a9ee9aa2eb,7e480a19f55f6a5c0d13980c39a7fcf9847723a35dcbd9264ffbfdffe80b5983
casc-j13,ueq,LAT097-1,mrs,180,GaveUp,Unsatisfiable,unknown,178.274,2893,strategies=8 workers=8 strategy_ids=0:4;1:8;2:12;3:11;4:2;5:14;6:15;7:1 result=GaveUp elapsed_ms=178145 timeout=4 saturated=0 processed=3698 generated=151395 passive=27160 weight_discarded=34426 lrs_discarded=113207 fwd_subsumed=7359 shared_published=0 shared_imported=0,20.8,raw/mrs/ueq/LAT097-1.stdout,raw/mrs/ueq/LAT097-1.stderr,fbfc72e644b3750f69d2d18cd6d3d045267f335ae65785e71b2612a320c818eb,747c3295a2983b8fff48f0134b5c445db782736804195454fbbc96d5cb8ae7f7
casc-j13,ueq,LAT138-1,mrs,180,Timeout,Unsatisfiable,unknown,187.915,11278,strategies=8 workers=8 strategy_ids=0:4;1:8;2:12;3:11;4:2;5:14;6:15;7:1 result=Timeout elapsed_ms=187820 timeout=8 saturated=0 processed=18011 generated=194464 passive=57616 weight_discarded=72540 lrs_discarded=114467 fwd_subsumed=4440 shared_published=0 shared_imported=0,95.9,raw/mrs/ueq/LAT138-1.stdout,raw/mrs/ueq/LAT138-1.stderr,12cb59e8adc974531855af40b59de35d007ccc8f082bd009597219697d653730,bbf215c15e8999292198f11e575d31d9e9f8d80f538cb6047422456e60122a9f
casc-j13,ueq,LAT139-1,mrs,180,Timeout,Unsatisfiable,unknown,180.000,,,,raw/mrs/ueq/LAT139-1.stdout,raw/mrs/ueq/LAT139-1.stderr,e3b0c44298fc1c149afbf4c8996fb92427ae41e4649b934ca495991b7852b855,4de162e6d2366973892ea4ceb0c0a62b63dde58dbdb24b1563914a2ff9ab2ca4
casc-j13,ueq,LAT140-1,mrs,180,Timeout,Unsatisfiable,unknown,178.534,17423,strategies=8 workers=8 strategy_ids=0:4;1:8;2:12;3:11;4:2;5:14;6:15;7:1 result=Timeout elapsed_ms=178365 timeout=8 saturated=0 processed=20289 generated=342517 passive=63865 weight_discarded=72088 lrs_discarded=254835 fwd_subsumed=3608 shared_published=0 shared_imported=0,113.7,raw/mrs/ueq/LAT140-1.stdout,raw/mrs/ueq/LAT140-1.stderr,415b4ce9856059ec7c992e775d072e33848665f6ccd3e2a817547ea389d9376d,2b50659a5f318b1c4770d66cc5d2cf2d6b69fce84ea170e4e0a91d9f12acf96b
casc-j13,ueq,LAT141-1,mrs,180,Timeout,Unsatisfiable,unknown,178.459,15374,strategies=8 workers=8 strategy_ids=0:4;1:8;2:12;3:11;4:2;5:14;6:15;7:1 result=Timeout elapsed_ms=178304 timeout=8 saturated=0 processed=25902 generated=330354 passive=47751 weight_discarded=67478 lrs_discarded=253852 fwd_subsumed=2920 shared_published=0 shared_imported=0,145.3,raw/mrs/ueq/LAT141-1.stdout,raw/mrs/ueq/LAT141-1.stderr,69232d466d2e4392a5185613cab5edc79c0dd7cd190df36ca0092a7a53f41d4a,51b062c9183984bbc6e3d4d4ca8e7d1278312fb06b4f937efa6c7b764367d8d4
casc-j13,ueq,LAT142-1,mrs,180,Timeout,Unsatisfiable,unknown,180.000,,,,raw/mrs/ueq/LAT142-1.stdout,raw/mrs/ueq/LAT142-1.stderr,e3b0c44298fc1c149afbf4c8996fb92427ae41e4649b934ca495991b7852b855,5647861bf647d3c9266147affede9cf0d34de7c524e5f4269493b979c3cde0d7
casc-j13,ueq,LAT145-1,mrs,180,Timeout,Unsatisfiable,unknown,178.481,13326,strategies=8 workers=8 strategy_ids=0:4;1:8;2:12;3:11;4:2;5:14;6:15;7:1 result=Timeout elapsed_ms=178303 timeout=8 saturated=0 processed=15420 generated=341539 passive=39069 weight_discarded=31623 lrs_discarded=286302 fwd_subsumed=821 shared_published=0 shared_imported=0,86.5,raw/mrs/ueq/LAT145-1.stdout,raw/mrs/ueq/LAT145-1.stderr,89803a3fffec10487155a359bbcac30b9a4a1933b939661576a4081ef96a1802,a0331ff41a64ee1ecb87b777b48d27f481229356cfe4f011065f6788f7b8f26a
casc-j13,ueq,LAT146-1,mrs,180,Timeout,Unsatisfiable,unknown,178.455,17422,strategies=8 workers=8 strategy_ids=0:4;1:8;2:12;3:11;4:2;5:14;6:15;7:1 result=Timeout elapsed_ms=178273 timeout=8 saturated=0 processed=30094 generated=346142 passive=52212 weight_discarded=15021 lrs_discarded=260365 fwd_subsumed=3550 shared_published=0 shared_imported=0,168.8,raw/mrs/ueq/LAT146-1.stdout,raw/mrs/ueq/LAT146-1.stderr,cb6b8b5bff8f4330a973094572a047f913e8a30766fa8692cc340deb5bfbd775,550a81682ebb4663945ad187808b1e22a942c50f102b2cbcec241a8e1ddde357
casc-j13,ueq,LAT147-1,mrs,180,Timeout,Unsatisfiable,unknown,178.459,15374,strategies=8 workers=8 strategy_ids=0:4;1:8;2:12;3:11;4:2;5:14;6:15;7:1 result=Timeout elapsed_ms=178268 timeout=8 saturated=0 processed=28266 generated=315520 passive=48838 weight_discarded=16050 lrs_discarded=234390 fwd_subsumed=4105 shared_published=0 shared_imported=0,158.6,raw/mrs/ueq/LAT147-1.stdout,raw/mrs/ueq/LAT147-1.stderr,4dd76d491eb5f07c508c087e8060e21d03e462776ec78badc5fdb2d7069e69a5,a6b7244b90d991e21b39a59b30c80ae137325c6193f3d8c4c7e5e162d7caefb7
casc-j13,ueq,LAT148-1,mrs,180,Timeout,Unsatisfiable,unknown,178.475,17422,strategies=8 workers=8 strategy_ids=0:4;1:8;2:12;3:11;4:2;5:14;6:15;7:1 result=Timeout elapsed_ms=178292 timeout=8 saturated=0 processed=27291 generated=305161 passive=39908 weight_discarded=21654 lrs_discarded=235952 fwd_subsumed=2091 shared_published=0 shared_imported=0,153.1,raw/mrs/ueq/LAT148-1.stdout,raw/mrs/ueq/LAT148-1.stderr,970377e8c0ac802b927624e32ee9f848129b65bbae2004101ca1b48a647dfd59,4e8ab603f1d12657f33c00145986a427d4960d906b073e154cab1b629b673fb8
casc-j13,ueq,LAT149-1,mrs,180,Timeout,Unsatisfiable,unknown,178.341,11278,strategies=8 workers=8 strategy_ids=0:4;1:8;2:12;3:11;4:2;5:14;6:15;7:1 result=Timeout elapsed_ms=178201 timeout=8 saturated=0 processed=11555 generated=376961 passive=40125 weight_discarded=25597 lrs_discarded=324779 fwd_subsumed=579 shared_published=0 shared_imported=0,64.8,raw/mrs/ueq/LAT149-1.stdout,raw/mrs/ueq/LAT149-1.stderr,73d6405d8413b66448cb5f967cf1859cdf8cbef193c625c4842a928112e62c4a,6f83ac454c031b09ee53b2d82a503e0106eadd8c4ed61325d6c743cda75ccd46
casc-j13,ueq,LAT150-1,mrs,180,Timeout,Unsatisfiable,unknown,178.451,15374,strategies=8 workers=8 strategy_ids=0:4;1:8;2:12;3:11;4:2;5:14;6:15;7:1 result=Timeout elapsed_ms=178273 timeout=8 saturated=0 processed=26488 generated=347580 passive=56976 weight_discarded=24788 lrs_discarded=261203 fwd_subsumed=2994 shared_published=0 shared_imported=0,148.6,raw/mrs/ueq/LAT150-1.stdout,raw/mrs/ueq/LAT150-1.stderr,e7a5dc4691aeb4fb539102dadc4ff64165f2618dcd661be55a617182c7296cae,caf490ebe920e4128093ccc6635b19788914c8bea6f1d74f05e243da0ad6d282
casc-j13,ueq,LAT151-1,mrs,180,Timeout,Unsatisfiable,unknown,178.486,17422,strategies=8 workers=8 strategy_ids=0:4;1:8;2:12;3:11;4:2;5:14;6:15;7:1 result=Timeout elapsed_ms=178281 timeout=8 saturated=0 processed=24688 generated=423859 passive=60471 weight_discarded=24749 lrs_discarded=335611 fwd_subsumed=3169 shared_published=0 shared_imported=0,138.5,raw/mrs/ueq/LAT151-1.stdout,raw/mrs/ueq/LAT151-1.stderr,5e8a0f73928e8b078dfab486824510caa76aa290b845785befeec8092067a42b,2d95e07961b224e769328466ff2ad87c5c8a64b2eec0f70ef94fa83e8b7d8369
casc-j13,ueq,LAT152-1,mrs,180,Timeout,Unsatisfiable,unknown,178.629,12058,strategies=8 workers=8 strategy_ids=0:4;1:8;2:12;3:11;4:2;5:14;6:15;7:1 result=Timeout elapsed_ms=178445 timeout=8 saturated=0 processed=13348 generated=300973 passive=50639 weight_discarded=12819 lrs_discarded=235963 fwd_subsumed=1093 shared_published=0 shared_imported=0,74.8,raw/mrs/ueq/LAT152-1.stdout,raw/mrs/ueq/LAT152-1.stderr,2b6b262d7d7f4383aa90bb858f3f2006a5db5136081507da02fa9fb164b1720c,9841c7fefd9896ee81de37c7ec46e3dad604d985e760e48f8830991703e3afbf
casc-j13,ueq,LAT153-1,mrs,180,Timeout,Unsatisfiable,unknown,178.358,8206,strategies=8 workers=8 strategy_ids=0:4;1:8;2:12;3:11;4:2;5:14;6:15;7:1 result=Timeout elapsed_ms=178200 timeout=8 saturated=0 processed=13595 generated=348400 passive=49371 weight_discarded=13682 lrs_discarded=285072 fwd_subsumed=440 shared_published=0 shared_imported=0,76.3,raw/mrs/ueq/LAT153-1.stdout,raw/mrs/ueq/LAT153-1.stderr,20f021db04658f4daace2b5807b0f3e6cac4769612b1393d0fc110b0f56be810,135ed0515bd0fc761090b35a0ac1c7d4419c2362d8891d65150c8a73c8b0d62f
casc-j13,ueq,LAT154-1,mrs,180,Timeout,Unsatisfiable,unknown,178.418,9230,strategies=8 workers=8 strategy_ids=0:4;1:8;2:12;3:11;4:2;5:14;6:15;7:1 result=Timeout elapsed_ms=178273 timeout=8 saturated=0 processed=14120 generated=341077 passive=48866 weight_discarded=34943 lrs_discarded=276506 fwd_subsumed=1658 shared_published=0 shared_imported=0,79.2,raw/mrs/ueq/LAT154-1.stdout,raw/mrs/ueq/LAT154-1.stderr,689b93e139064b21d43bdc8b86d0c8bed2655763335d77df35e614eeaf8ba0bf,bd7226d8c171d197a3edf1f5916a784290d098944e67ba718d4a0b1dd586f0d9
casc-j13,ueq,LAT155-1,mrs,180,Timeout,Unsatisfiable,unknown,178.627,15866,strategies=8 workers=8 strategy_ids=0:4;1:8;2:12;3:11;4:2;5:14;6:15;7:1 result=Timeout elapsed_ms=178448 timeout=8 saturated=0 processed=18652 generated=1059368 passive=48133 weight_discarded=40212 lrs_discarded=991380 fwd_subsumed=1283 shared_published=0 shared_imported=0,104.5,raw/mrs/ueq/LAT155-1.stdout,raw/mrs/ueq/LAT155-1.stderr,829fc313fa801264b0c89a9bb1704aaf4b8a393f89523c36f535d0f2b08b06b5,1c437ca2167bf8b698623ceb28a7dfd12efb44a21a466c7475b82df92ef25fd5
casc-j13,ueq,LAT156-1,mrs,180,Timeout,Unsatisfiable,unknown,178.577,15374,strategies=8 workers=8 strategy_ids=0:4;1:8;2:12;3:11;4:2;5:14;6:15;7:1 result=Timeout elapsed_ms=178390 timeout=8 saturated=0 processed=15035 generated=392449 passive=46741 weight_discarded=44333 lrs_discarded=328963 fwd_subsumed=1781 shared_published=0 shared_imported=0,84.3,raw/mrs/ueq/LAT156-1.stdout,raw/mrs/ueq/LAT156-1.stderr,9c3e5cb351ced19743c00550ed6c1baf1fd07bb5a7fce978d5cb7bdf5a7b5c3b,707dfadf66dcca714c57fdf6d8f736c1723a766e9acdbb3d0bfaf54837246159
casc-j13,ueq,LAT157-1,mrs,180,Timeout,Unsatisfiable,unknown,179.163,19466,strategies=8 workers=8 strategy_ids=0:4;1:8;2:12;3:11;4:2;5:14;6:15;7:1 result=Timeout elapsed_ms=178995 timeout=8 saturated=0 processed=30851 generated=2171615 passive=47666 weight_discarded=4036 lrs_discarded=2091082 fwd_subsumed=2096 shared_published=0 shared_imported=0,172.4,raw/mrs/ueq/LAT157-1.stdout,raw/mrs/ueq/LAT157-1.stderr,dcc4dbd330c3364c001d8267a7aa557a3b568d548af4191a16145f7484451001,1ebdbd554384b8779789b99ab12c2b29ae1ba828fbf9b43d925731947898a2ee
casc-j13,ueq,LAT158-1,mrs,180,Timeout,Unsatisfiable,unknown,178.348,11278,strategies=8 workers=8 strategy_ids=0:4;1:8;2:12;3:11;4:2;5:14;6:15;7:1 result=Timeout elapsed_ms=178180 timeout=8 saturated=0 processed=21662 generated=431081 passive=48202 weight_discarded=3901 lrs_discarded=356134 fwd_subsumed=5164 shared_published=0 shared_imported=0,121.6,raw/mrs/ueq/LAT158-1.stdout,raw/mrs/ueq/LAT158-1.stderr,c689c9410f25fbf094427c541e48036c3674c6d22f8916721e1dc07c655358f5,d53fab0fc2d1e35dbe0a0acde92f3fa99afadc665cda7edcb3feb503e572444d
casc-j13,ueq,LAT160-1,mrs,180,Timeout,Unsatisfiable,unknown,178.477,17422,strategies=8 workers=8 strategy_ids=0:4;1:8;2:12;3:11;4:2;5:14;6:15;7:1 result=Timeout elapsed_ms=178306 timeout=8 saturated=0 processed=25050 generated=393560 passive=58908 weight_discarded=16335 lrs_discarded=306647 fwd_subsumed=3033 shared_published=0 shared_imported=0,140.5,raw/mrs/ueq/LAT160-1.stdout,raw/mrs/ueq/LAT160-1.stderr,53effd34af8b716ed698517b155b85c6eed1d8720e8c685666d00111bf299076,2a848d6847b31d0e0e99e1e288c2054eb01e56a11058d91cc1fcd79201498d54
casc-j13,ueq,LAT161-1,mrs,180,Timeout,Unsatisfiable,unknown,178.443,11278,strategies=8 workers=8 strategy_ids=0:4;1:8;2:12;3:11;4:2;5:14;6:15;7:1 result=Timeout elapsed_ms=178256 timeout=8 saturated=0 processed=22652 generated=305008 passive=49560 weight_discarded=46640 lrs_discarded=229517 fwd_subsumed=3357 shared_published=0 shared_imported=0,127.1,raw/mrs/ueq/LAT161-1.stdout,raw/mrs/ueq/LAT161-1.stderr,db0551cca22e14be7c03700aa1df62c04122bb4c4f30ed6ba8d30b2909361e21,b6ffa81f125adb8d269a4c3511aac2c216a976696b8b91f3c9448df265abb380
casc-j13,ueq,LAT163-1,mrs,180,Timeout,Unsatisfiable,unknown,178.529,11278,strategies=8 workers=8 strategy_ids=0:4;1:8;2:12;3:11;4:2;5:14;6:15;7:1 result=Timeout elapsed_ms=178341 timeout=8 saturated=0 processed=23657 generated=398955 passive=56328 weight_discarded=74044 lrs_discarded=315957 fwd_subsumed=3091 shared_published=0 shared_imported=0,132.7,raw/mrs/ueq/LAT163-1.stdout,raw/mrs/ueq/LAT163-1.stderr,c2276d4d11ddcd4d4b56f863a842fdc4130180b0bcb310edde34048a1a7fe550,9a2199743d8c52f722d536c4c19bcc6811114116894e318627a4b50d7c4180ea
casc-j13,ueq,LAT164-1,mrs,180,Timeout,Unsatisfiable,unknown,178.529,13326,strategies=8 workers=8 strategy_ids=0:4;1:8;2:12;3:11;4:2;5:14;6:15;7:1 result=Timeout elapsed_ms=178336 timeout=8 saturated=0 processed=21422 generated=399451 passive=63461 weight_discarded=76213 lrs_discarded=311658 fwd_subsumed=2982 shared_published=0 shared_imported=0,120.1,raw/mrs/ueq/LAT164-1.stdout,raw/mrs/ueq/LAT164-1.stderr,0146d5dad2d0ecd2a39d08ef7281d96c5e0ec5d40df487c7a28c003d5db330c5,6b10fd3d4b7f49417a629258ca69ebce3b8a4b59c32db1497fbffdc61590be01
casc-j13,ueq,LAT165-1,mrs,180,Timeout,Unsatisfiable,unknown,178.550,13326,strategies=8 workers=8 strategy_ids=0:4;1:8;2:12;3:11;4:2;5:14;6:15;7:1 result=Timeout elapsed_ms=178379 timeout=8 saturated=0 processed=21678 generated=402360 passive=61133 weight_discarded=76909 lrs_discarded=314851 fwd_subsumed=4779 shared_published=0 shared_imported=0,121.5,raw/mrs/ueq/LAT165-1.stdout,raw/mrs/ueq/LAT165-1.stderr,9c2d445812cfbbdc07a6f401bb54f4f1b4895889f92e2a601177d969e5735dc8,2fa9e2b8b35cd95e5320a8d3dc15c29e049ee37d025eec329a0e382fc33ae969
casc-j13,ueq,LAT166-1,mrs,180,Timeout,Unsatisfiable,unknown,178.485,13326,strategies=8 workers=8 strategy_ids=0:4;1:8;2:12;3:11;4:2;5:14;6:15;7:1 result=Timeout elapsed_ms=178319 timeout=8 saturated=0 processed=20815 generated=419779 passive=61284 weight_discarded=57658 lrs_discarded=334288 fwd_subsumed=3472 shared_published=0 shared_imported=0,116.7,raw/mrs/ueq/LAT166-1.stdout,raw/mrs/ueq/LAT166-1.stderr,36724abae50176c91866a29398a50287f413cdf2c14e0e29d12ec27a2967832b,8ae11ebb30aa870b7ec0cf1f7d9c254b51d2a26c3f55b3349cfb6adb5a11ee5c
casc-j13,ueq,LAT168-1,mrs,180,Timeout,Unsatisfiable,unknown,178.490,11278,strategies=8 workers=8 strategy_ids=0:4;1:8;2:12;3:11;4:2;5:14;6:15;7:1 result=Timeout elapsed_ms=178316 timeout=8 saturated=0 processed=25332 generated=321959 passive=44728 weight_discarded=86806 lrs_discarded=248480 fwd_subsumed=3493 shared_published=0 shared_imported=0,142.1,raw/mrs/ueq/LAT168-1.stdout,raw/mrs/ueq/LAT168-1.stderr,437b51f232952f8914be154c99c477961ab22888b6b556d25d0f56d64bf5bfdf,2a7f9d0c71ca337a3996e6462f98a84d3683b722f30bdcc907f0f9cfae396f31
casc-j13,ueq,LAT169-1,mrs,180,Timeout,Unsatisfiable,unknown,178.646,15374,strategies=8 workers=8 strategy_ids=0:4;1:8;2:12;3:11;4:2;5:14;6:15;7:1 result=Timeout elapsed_ms=178485 timeout=8 saturated=0 processed=23598 generated=406592 passive=54856 weight_discarded=59016 lrs_discarded=325472 fwd_subsumed=2741 shared_published=0 shared_imported=0,132.2,raw/mrs/ueq/LAT169-1.stdout,raw/mrs/ueq/LAT169-1.stderr,4777225b62a89ac0f9f0e865162325e62d3c7caec9c787aed75ce8500a64ca9d,57444d9be327392801bd1bfedbdb53ab226cb0960243ba4005f4e1b83b8dcdfc
casc-j13,ueq,LAT170-1,mrs,180,Timeout,Unsatisfiable,unknown,178.588,19470,strategies=8 workers=8 strategy_ids=0:4;1:8;2:12;3:11;4:2;5:14;6:15;7:1 result=Timeout elapsed_ms=178429 timeout=8 saturated=0 processed=17449 generated=853517 passive=39653 weight_discarded=37451 lrs_discarded=795299 fwd_subsumed=1190 shared_published=0 shared_imported=0,97.8,raw/mrs/ueq/LAT170-1.stdout,raw/mrs/ueq/LAT170-1.stderr,7a29920b8954e48d65b755efd655f08eaad320cfce268dc7b055ebd28922e8d0,d7bc0a7be08953275b09afa0419ad6a7693918e19bcc3a8bbe36872833a56771
casc-j13,ueq,LAT171-1,mrs,180,Unsatisfiable,Unsatisfiable,ok,7.206,3085,strategies=8 workers=8 strategy_ids=0:4;1:8;2:12;3:11;4:2;5:14;6:15;7:1 result=Refutation elapsed_ms=7110 timeout=7 saturated=0 processed=4225 generated=34839 passive=29996 weight_discarded=9540 lrs_discarded=0 fwd_subsumed=684 shared_published=0 shared_imported=0 proof_nodes=132 proof_bytes=21122 proof_emitted=true,594.2,raw/mrs/ueq/LAT171-1.stdout,raw/mrs/ueq/LAT171-1.stderr,c51225a7022022c68db0348f71855d5fbdad7401c7d6510719b99a6cd954a27d,1190af1522778a81ccc5d9ccc1d004eb9cce7785e1c7e4e7eb1e79e313a1403a
casc-j13,ueq,LAT172-1,mrs,180,Timeout,Unsatisfiable,unknown,178.515,13326,strategies=8 workers=8 strategy_ids=0:4;1:8;2:12;3:11;4:2;5:14;6:15;7:1 result=Timeout elapsed_ms=178344 timeout=8 saturated=0 processed=23985 generated=428141 passive=47624 weight_discarded=78517 lrs_discarded=352571 fwd_subsumed=4042 shared_published=0 shared_imported=0,134.5,raw/mrs/ueq/LAT172-1.stdout,raw/mrs/ueq/LAT172-1.stderr,376d853d8e9e7e247721834bb7307ebd9f1f66d6b95d1bb94639b3086d14caf9,ce5574f78c97a829159d6aa02b19b75a81e6f3fcc213d611be38335aeaa41754
casc-j13,ueq,LAT173-1,mrs,180,Timeout,Unsatisfiable,unknown,178.476,11278,strategies=8 workers=8 strategy_ids=0:4;1:8;2:12;3:11;4:2;5:14;6:15;7:1 result=Timeout elapsed_ms=178333 timeout=8 saturated=0 processed=23294 generated=423662 passive=54184 weight_discarded=70660 lrs_discarded=343141 fwd_subsumed=3123 shared_published=0 shared_imported=0,130.6,raw/mrs/ueq/LAT173-1.stdout,raw/mrs/ueq/LAT173-1.stderr,9e43c1b4a7c25a1724742c63573ea1442250aa05be6961fc1745349903ca7dac,027f7a20ee910987346cdc790b512d6583e4e399f22c59b7b456525a8790c576
casc-j13,ueq,LAT174-1,mrs,180,Unsatisfiable,Unsatisfiable,ok,.495,2125,strategies=8 workers=8 strategy_ids=0:4;1:8;2:12;3:11;4:2;5:14;6:15;7:1 result=Refutation elapsed_ms=404 timeout=7 saturated=0 processed=956 generated=7173 passive=6148 weight_discarded=255 lrs_discarded=0 fwd_subsumed=135 shared_published=0 shared_imported=0 proof_nodes=94 proof_bytes=14097 proof_emitted=true,2366.3,raw/mrs/ueq/LAT174-1.stdout,raw/mrs/ueq/LAT174-1.stderr,cd32d19fa3f6e09b1a3f8f34ae83be16b7a3a2aeaca31f82ebaeece8eb86ca85,bf4ca60c6c4fc73b146c9ae13b832812c25b8f75a52871c8678580ff466a5b94
casc-j13,ueq,LAT175-1,mrs,180,Timeout,Unsatisfiable,unknown,178.520,17422,strategies=8 workers=8 strategy_ids=0:4;1:8;2:12;3:11;4:2;5:14;6:15;7:1 result=Timeout elapsed_ms=178351 timeout=8 saturated=0 processed=22215 generated=414940 passive=50011 weight_discarded=25381 lrs_discarded=339140 fwd_subsumed=3655 shared_published=0 shared_imported=0,124.6,raw/mrs/ueq/LAT175-1.stdout,raw/mrs/ueq/LAT175-1.stderr,6288a535c27ebb91517bc7c94f0df03eab55a3bdc501f5f27653c02c0fdb20e2,64e1922e3e9d35596e81c7fdaa2280cae002f2f74a2f5890659ed4625c38923c
casc-j13,ueq,LAT176-1,mrs,180,Timeout,Unsatisfiable,unknown,178.503,17423,strategies=8 workers=8 strategy_ids=0:4;1:8;2:12;3:11;4:2;5:14;6:15;7:1 result=Timeout elapsed_ms=178318 timeout=8 saturated=0 processed=20667 generated=325094 passive=70279 weight_discarded=25891 lrs_discarded=230741 fwd_subsumed=3488 shared_published=0 shared_imported=0,115.9,raw/mrs/ueq/LAT176-1.stdout,raw/mrs/ueq/LAT176-1.stderr,3498cab52fff7dc1280f541a507d7273f5135dc4212fb9a5f49ef3bed9cf4798,d3fe8c96d99112d00955ebc654b182fecf404fecebf1c301566dadfb4143d164
casc-j13,ueq,LAT186-10,mrs,180,Timeout,Unsatisfiable,unknown,178.286,6157,strategies=8 workers=8 strategy_ids=0:4;1:8;2:12;3:11;4:2;5:14;6:15;7:1 result=Timeout elapsed_ms=178136 timeout=8 saturated=0 processed=16694 generated=264937 passive=53259 weight_discarded=18758 lrs_discarded=193992 fwd_subsumed=1089 shared_published=0 shared_imported=0,93.7,raw/mrs/ueq/LAT186-10.stdout,raw/mrs/ueq/LAT186-10.stderr,5277d0c9297673b503e8e7c7da7c36c3d886ff85d81f473882e0e036666d6223,83f84b882c93a3cd362e78c93a751195fb8b71056d2b62b6ef6ac52e026783ba
casc-j13,ueq,LAT206-10,mrs,180,Timeout,Unsatisfiable,unknown,178.556,15374,strategies=8 workers=8 strategy_ids=0:4;1:8;2:12;3:11;4:2;5:14;6:15;7:1 result=Timeout elapsed_ms=178378 timeout=8 saturated=0 processed=22143 generated=422398 passive=37943 weight_discarded=22617 lrs_discarded=360189 fwd_subsumed=2221 shared_published=0 shared_imported=0,124.1,raw/mrs/ueq/LAT206-10.stdout,raw/mrs/ueq/LAT206-10.stderr,06786a88cbf73c15796b68aca9c635f5c7c80dfa5b80e09254d8764ccbc10c80,a6f12f2e9c60a6dde484176436753f312009d0d79c91e11dc5607c07980f1d32
casc-j13,ueq,LAT222-10,mrs,180,Timeout,Unsatisfiable,unknown,178.391,13326,strategies=8 workers=8 strategy_ids=0:4;1:8;2:12;3:11;4:2;5:14;6:15;7:1 result=Timeout elapsed_ms=178224 timeout=8 saturated=0 processed=22759 generated=337118 passive=50332 weight_discarded=67102 lrs_discarded=258638 fwd_subsumed=5489 shared_published=0 shared_imported=0,127.7,raw/mrs/ueq/LAT222-10.stdout,raw/mrs/ueq/LAT222-10.stderr,298106c0e907fd8910a5343863eac74b3a5fadd8fb547be14aecf4a8576f98a5,41dd1f67134742ee69c4309ef4758f4621e2ea70d2c1bbc6b6084415ee47a2bb
casc-j13,ueq,LAT223-10,mrs,180,Timeout,Unsatisfiable,unknown,178.321,6157,strategies=8 workers=8 strategy_ids=0:4;1:8;2:12;3:11;4:2;5:14;6:15;7:1 result=Timeout elapsed_ms=178167 timeout=8 saturated=0 processed=20269 generated=171477 passive=53840 weight_discarded=40357 lrs_discarded=96115 fwd_subsumed=1352 shared_published=0 shared_imported=0,113.8,raw/mrs/ueq/LAT223-10.stdout,raw/mrs/ueq/LAT223-10.stderr,8a997e95542672209e73295c977bf50fe838cb7bf153e75803783ee488165626,50a6ec80d961238eebb0ba4900c118bfb81cb21f4ae2e11a527dee9469149829
casc-j13,ueq,LAT224-10,mrs,180,Timeout,Unsatisfiable,unknown,178.581,17423,strategies=8 workers=8 strategy_ids=0:4;1:8;2:12;3:11;4:2;5:14;6:15;7:1 result=Timeout elapsed_ms=178370 timeout=8 saturated=0 processed=26560 generated=374557 passive=49826 weight_discarded=14693 lrs_discarded=291072 fwd_subsumed=7198 shared_published=0 shared_imported=0,148.9,raw/mrs/ueq/LAT224-10.stdout,raw/mrs/ueq/LAT224-10.stderr,da5eb785b64ab3438d7f7200e65197bfeb445088d17237166d2a5718b338584a,5895fa9c00586146aa3a726805ef6e0fd65d38f31c0e91beb801cccb971e0cf2
casc-j13,ueq,LAT229-10,mrs,180,Timeout,Unsatisfiable,unknown,178.349,11278,strategies=8 workers=8 strategy_ids=0:4;1:8;2:12;3:11;4:2;5:14;6:15;7:1 result=Timeout elapsed_ms=178183 timeout=8 saturated=0 processed=22624 generated=278800 passive=48798 weight_discarded=56417 lrs_discarded=204548 fwd_subsumed=2930 shared_published=0 shared_imported=0,127.0,raw/mrs/ueq/LAT229-10.stdout,raw/mrs/ueq/LAT229-10.stderr,81aa9bf19914e748050c86298e037267949abca3747788bebf27f5c23e7910ce,4ee8dd3550b929af1e6970958bf7dad5fc83fac538658b38608bc39aa6654a97
casc-j13,ueq,LAT241-10,mrs,180,Timeout,Unsatisfiable,unknown,178.566,21519,strategies=8 workers=8 strategy_ids=0:4;1:8;2:12;3:11;4:2;5:14;6:15;7:1 result=Timeout elapsed_ms=178365 timeout=8 saturated=0 processed=23233 generated=460744 passive=39749 weight_discarded=46739 lrs_discarded=390210 fwd_subsumed=7651 shared_published=0 shared_imported=0,130.3,raw/mrs/ueq/LAT241-10.stdout,raw/mrs/ueq/LAT241-10.stderr,ce76ee5c81c53cd25e428fc7d813a1e8b8819cee9b196f9d4a645fb6e16acef8,871347ccb3eb5863deed1761cc7720b660ad17ab63589805ed9d7bcc05340011
casc-j13,ueq,LAT389-1,mrs,180,Unsatisfiable,Unsatisfiable,ok,16.929,2125,strategies=8 workers=8 strategy_ids=0:4;1:8;2:12;3:11;4:2;5:14;6:15;7:1 result=Refutation elapsed_ms=16835 timeout=3 saturated=0 processed=205 generated=3424 passive=3143 weight_discarded=758 lrs_discarded=0 fwd_subsumed=99 shared_published=0 shared_imported=0 proof_nodes=65 proof_bytes=36294 proof_emitted=true,12.2,raw/mrs/ueq/LAT389-1.stdout,raw/mrs/ueq/LAT389-1.stderr,a0ac99df192663bab7bf27ee7941f4bf9d75284120044d2377d84af1cc446cb6,78b92c5038032b43b2bc9c7c4ac0f9590f888c623645d0ceefc40b966590985c
casc-j13,ueq,LAT390-1,mrs,180,Unsatisfiable,Unsatisfiable,ok,12.766,2125,strategies=8 workers=8 strategy_ids=0:4;1:8;2:12;3:11;4:2;5:14;6:15;7:1 result=Refutation elapsed_ms=12671 timeout=3 saturated=0 processed=202 generated=3341 passive=3062 weight_discarded=780 lrs_discarded=0 fwd_subsumed=100 shared_published=0 shared_imported=0 proof_nodes=73 proof_bytes=37481 proof_emitted=true,15.9,raw/mrs/ueq/LAT390-1.stdout,raw/mrs/ueq/LAT390-1.stderr,5b5ca5cd8320994c241b92c6bb5e0c659ed7c3c3cdde763134535db190d3940a,54036ffd1ef8db4bcdf6fc7792208784bd3cb856576d96e3c3b94de6773adf58
casc-j13,ueq,LAT392-1,mrs,180,GaveUp,Unsatisfiable,unknown,178.198,2893,strategies=8 workers=8 strategy_ids=0:4;1:8;2:12;3:11;4:2;5:14;6:15;7:1 result=GaveUp elapsed_ms=178089 timeout=4 saturated=0 processed=2320 generated=156343 passive=17212 weight_discarded=37870 lrs_discarded=120950 fwd_subsumed=15891 shared_published=0 shared_imported=0,13.0,raw/mrs/ueq/LAT392-1.stdout,raw/mrs/ueq/LAT392-1.stderr,a454284f35c7f50132bc7fbe689abc1dd633ef5aeed85bd93fb57298255349ab,cc0e47d50b9e3db7fef4d893b90204c23533213c2beb3c6d7909652435a63c5c
casc-j13,ueq,LAT393-2,mrs,180,Unsatisfiable,Unsatisfiable,ok,3.025,2125,strategies=8 workers=8 strategy_ids=0:4;1:8;2:12;3:11;4:2;5:14;6:15;7:1 result=Refutation elapsed_ms=2921 timeout=7 saturated=0 processed=1296 generated=48313 passive=45831 weight_discarded=7127 lrs_discarded=0 fwd_subsumed=1217 shared_published=0 shared_imported=0 proof_nodes=74 proof_bytes=11147 proof_emitted=true,443.7,raw/mrs/ueq/LAT393-2.stdout,raw/mrs/ueq/LAT393-2.stderr,3ec1ae9bef13198866fd62b08b415b5265d43a5c64dab9f9700402e7dc2abdff,f4e60cf0b0b71cbb3bf6354016e02c922e53969af65cff9ce107abcd493862b7
casc-j13,ueq,LAT399-1,mrs,180,Timeout,Unsatisfiable,unknown,178.496,15374,strategies=8 workers=8 strategy_ids=0:4;1:8;2:12;3:11;4:2;5:14;6:15;7:1 result=Timeout elapsed_ms=178326 timeout=8 saturated=0 processed=29519 generated=420889 passive=44739 weight_discarded=4485 lrs_discarded=330465 fwd_subsumed=16225 shared_published=0 shared_imported=0,165.5,raw/mrs/ueq/LAT399-1.stdout,raw/mrs/ueq/LAT399-1.stderr,5fba7342b9fad29dd936bf38451f111a342991a2be5386cd90325976acfcb77b,0534a36bcbe0181fb109166ef4cc003062a5f07fa5163e1eed134399c8bf4199
casc-j13,ueq,LAT399-2,mrs,180,Timeout,Unsatisfiable,unknown,178.443,15374,strategies=8 workers=8 strategy_ids=0:4;1:8;2:12;3:11;4:2;5:14;6:15;7:1 result=Timeout elapsed_ms=178293 timeout=8 saturated=0 processed=19741 generated=488431 passive=56706 weight_discarded=1727 lrs_discarded=391212 fwd_subsumed=20849 shared_published=0 shared_imported=0,110.7,raw/mrs/ueq/LAT399-2.stdout,raw/mrs/ueq/LAT399-2.stderr,bcda66366528d57eeb0a837679545f87d0c89df3830cc9dcd0aaa90728a57561,07fed18946c58b778edad9563534fc596c317215b2dbe54617247483f4a8825f
casc-j13,ueq,LAT400-1,mrs,180,Timeout,Unsatisfiable,unknown,178.409,13326,strategies=8 workers=8 strategy_ids=0:4;1:8;2:12;3:11;4:2;5:14;6:15;7:1 result=Timeout elapsed_ms=178227 timeout=8 saturated=0 processed=22065 generated=501350 passive=50424 weight_discarded=6044 lrs_discarded=406462 fwd_subsumed=22482 shared_published=0 shared_imported=0,123.8,raw/mrs/ueq/LAT400-1.stdout,raw/mrs/ueq/LAT400-1.stderr,2ed0913477e2264fac84acb650a68b5ff11731bd0cb00c0c4e582a9380ece46d,1652a10580b0d8c32c649bef2cf78fd55027a753918f1e0ad150a27bb2cfdf34
casc-j13,ueq,LAT400-2,mrs,180,Timeout,Unsatisfiable,unknown,178.458,13326,strategies=8 workers=8 strategy_ids=0:4;1:8;2:12;3:11;4:2;5:14;6:15;7:1 result=Timeout elapsed_ms=178270 timeout=8 saturated=0 processed=23317 generated=555256 passive=35995 weight_discarded=256 lrs_discarded=435201 fwd_subsumed=60842 shared_published=0 shared_imported=0,130.8,raw/mrs/ueq/LAT400-2.stdout,raw/mrs/ueq/LAT400-2.stderr,79c5888877877556ecb692d7d227350e767c9e50c46857ee16350d3d21012380,83966336687ce77172a8859d2d69ce29e856e72baac3605b5ebfa7477d127af7
casc-j13,ueq,LAT400-3,mrs,180,Timeout,Unsatisfiable,unknown,178.400,11278,strategies=8 workers=8 strategy_ids=0:4;1:8;2:12;3:11;4:2;5:14;6:15;7:1 result=Timeout elapsed_ms=178204 timeout=8 saturated=0 processed=22910 generated=450030 passive=29283 weight_discarded=739 lrs_discarded=382118 fwd_subsumed=15810 shared_published=0 shared_imported=0,128.6,raw/mrs/ueq/LAT400-3.stdout,raw/mrs/ueq/LAT400-3.stderr,56aac15563b03a75f09980c8530f69653202e3350ee52f12815c782f7e78a1d2,0f5eb9b40b7f81fa0d4d4d06ad10e99cbaf353a2f3582bf62a04cca106fa5751
casc-j13,ueq,LAT400-4,mrs,180,Timeout,Unsatisfiable,unknown,178.467,17422,strategies=8 workers=8 strategy_ids=0:4;1:8;2:12;3:11;4:2;5:14;6:15;7:1 result=Timeout elapsed_ms=178317 timeout=8 saturated=0 processed=21550 generated=505796 passive=51202 weight_discarded=2604 lrs_discarded=414334 fwd_subsumed=18817 shared_published=0 shared_imported=0,120.9,raw/mrs/ueq/LAT400-4.stdout,raw/mrs/ueq/LAT400-4.stderr,dd7fb12018b6911a862176029232a6e427ed51de5679da01ea21da0bd38c1e1a,973f46bd657647ab3b198b088886a48129b23d7075c834c3b5dd9fdc9ce19296
casc-j13,ueq,LAT401-1,mrs,180,GaveUp,Unsatisfiable,unknown,178.399,13326,strategies=8 workers=8 strategy_ids=0:4;1:8;2:12;3:11;4:2;5:14;6:15;7:1 result=GaveUp elapsed_ms=178259 timeout=7 saturated=0 processed=19890 generated=459540 passive=30144 weight_discarded=8327 lrs_discarded=390613 fwd_subsumed=18995 shared_published=0 shared_imported=0,111.6,raw/mrs/ueq/LAT401-1.stdout,raw/mrs/ueq/LAT401-1.stderr,aa87317fbdf4800fdd0f583b551c697a01ca68e9a71291dcceb7729f031cb6c5,fdfd23be94f9075606aaced00a8728668be6284c9a8be2f0f5e081e092a4bfe8
casc-j13,ueq,LAT401-2,mrs,180,GaveUp,Unsatisfiable,unknown,178.494,15374,strategies=8 workers=8 strategy_ids=0:4;1:8;2:12;3:11;4:2;5:14;6:15;7:1 result=GaveUp elapsed_ms=178301 timeout=7 saturated=0 processed=19894 generated=619763 passive=49343 weight_discarded=2604 lrs_discarded=456136 fwd_subsumed=94502 shared_published=0 shared_imported=0,111.6,raw/mrs/ueq/LAT401-2.stdout,raw/mrs/ueq/LAT401-2.stderr,47536167bcc59b27347c73586b9b42171048f9a252d03cb39cbc31aa75fbc2d4,91868dfe76f99f13108730a1ccae0748bb3e4b3988a0d34ff4fcbc9ad3c9a13c
casc-j13,ueq,LCL024-10,mrs,180,Timeout,Unsatisfiable,unknown,178.353,11278,strategies=8 workers=8 strategy_ids=0:4;1:8;2:12;3:11;4:2;5:14;6:15;7:1 result=Timeout elapsed_ms=178208 timeout=8 saturated=0 processed=9309 generated=781665 passive=45053 weight_discarded=0 lrs_discarded=723143 fwd_subsumed=4211 shared_published=0 shared_imported=0,52.2,raw/mrs/ueq/LCL024-10.stdout,raw/mrs/ueq/LCL024-10.stderr,52343c9b7846fc5bac6525bb5aa97442e517427eb06bf839cde7d8b8cc725c77,bb983ccf3c3eb119cd519ae75be93fda5b57ce7c414db7ad375178557bbcc1f3
casc-j13,ueq,LCL026-10,mrs,180,Unsatisfiable,Unsatisfiable,ok,42.145,7182,strategies=8 workers=8 strategy_ids=0:4;1:8;2:12;3:11;4:2;5:14;6:15;7:1 result=Refutation elapsed_ms=42023 timeout=7 saturated=0 processed=8297 generated=115952 passive=59402 weight_discarded=0 lrs_discarded=44402 fwd_subsumed=3906 shared_published=0 shared_imported=0 proof_nodes=109 proof_bytes=21328 proof_emitted=true,197.4,raw/mrs/ueq/LCL026-10.stdout,raw/mrs/ueq/LCL026-10.stderr,0acd5e65da7a5283a97a3fe55ad87fdcb798c2cad5d753e8aa15a9b82d14bb59,470cb0ae9eda5c4039541bf4afbaa5ab4b1d447a567d9257845575fb377b2ca9
casc-j13,ueq,LCL038-10,mrs,180,Timeout,Unsatisfiable,unknown,178.550,21519,strategies=8 workers=8 strategy_ids=0:4;1:8;2:12;3:11;4:2;5:14;6:15;7:1 result=Timeout elapsed_ms=178364 timeout=8 saturated=0 processed=18258 generated=189300 passive=46441 weight_discarded=1 lrs_discarded=79499 fwd_subsumed=45151 shared_published=0 shared_imported=0,102.4,raw/mrs/ueq/LCL038-10.stdout,raw/mrs/ueq/LCL038-10.stderr,867f75a38096c30a166250a77ba4844308c7d7ceb22264b9ea1c39658d50bbc1,4c1d925f00d8fd7147a10d925ad30006cada9bea0d11e0518b94e7becee47854
casc-j13,ueq,LCL042-10,mrs,180,Unsatisfiable,Unsatisfiable,ok,1.662,2125,strategies=8 workers=8 strategy_ids=0:4;1:8;2:12;3:11;4:2;5:14;6:15;7:1 result=Refutation elapsed_ms=1564 timeout=7 saturated=0 processed=2258 generated=18668 passive=16042 weight_discarded=0 lrs_discarded=0 fwd_subsumed=448 shared_published=0 shared_imported=0 proof_nodes=61 proof_bytes=10385 proof_emitted=true,1443.7,raw/mrs/ueq/LCL042-10.stdout,raw/mrs/ueq/LCL042-10.stderr,fe7d55e9f86e237bcfbb67393c8e8b2cf87de803c16e56a776ddb11529214b76,fc85fc4236613f13147fa8f56ffe554f57fa03344504fff62f43eba695d34b3b
casc-j13,ueq,LCL050-10,mrs,180,Unsatisfiable,Unsatisfiable,ok,58.858,8206,strategies=8 workers=8 strategy_ids=0:4;1:8;2:12;3:11;4:2;5:14;6:15;7:1 result=Refutation elapsed_ms=58743 timeout=7 saturated=0 processed=9012 generated=167747 passive=59547 weight_discarded=0 lrs_discarded=95568 fwd_subsumed=3680 shared_published=0 shared_imported=0 proof_nodes=85 proof_bytes=16755 proof_emitted=true,153.4,raw/mrs/ueq/LCL050-10.stdout,raw/mrs/ueq/LCL050-10.stderr,cff78ec7e9febbdbc4907b9f6953108478fd6a2b7687e10ab90f3cbebe97a2c9,9f3c1decdc53b341a87e6e2b3cf02eec3de177b228e18137d5165d68287bb708
casc-j13,ueq,LCL054-10,mrs,180,Timeout,Unsatisfiable,unknown,178.399,17422,strategies=8 workers=8 strategy_ids=0:4;1:8;2:12;3:11;4:2;5:14;6:15;7:1 result=Timeout elapsed_ms=178241 timeout=8 saturated=0 processed=15671 generated=314233 passive=54340 weight_discarded=0 lrs_discarded=235081 fwd_subsumed=9210 shared_published=0 shared_imported=0,87.9,raw/mrs/ueq/LCL054-10.stdout,raw/mrs/ueq/LCL054-10.stderr,34b32ae58a74d8e7ba98aa2e87f64131e1bb2cafd052f9c7929d87725f59b43d,100e612b04b12090858c15b11fca8ebd6d01d6f51fa414fbc084b29319373d8d
casc-j13,ueq,LCL060-10,mrs,180,Timeout,Unsatisfiable,unknown,178.403,15374,strategies=8 workers=8 strategy_ids=0:4;1:8;2:12;3:11;4:2;5:14;6:15;7:1 result=Timeout elapsed_ms=178242 timeout=8 saturated=0 processed=16366 generated=309470 passive=50598 weight_discarded=0 lrs_discarded=233469 fwd_subsumed=9103 shared_published=0 shared_imported=0,91.8,raw/mrs/ueq/LCL060-10.stdout,raw/mrs/ueq/LCL060-10.stderr,8c4d79aac77ca4b902dc4588aba399a64e242478afc6f64f8ceae247435a7ec8,194ff597286450c3c86e6e6d6ae72dc934809d6cda5bf053b736dda703dd9a52
casc-j13,ueq,LCL084-10,mrs,180,Timeout,Unsatisfiable,unknown,178.490,21519,strategies=8 workers=8 strategy_ids=0:4;1:8;2:12;3:11;4:2;5:14;6:15;7:1 result=Timeout elapsed_ms=178298 timeout=8 saturated=0 processed=16206 generated=199216 passive=40045 weight_discarded=0 lrs_discarded=101323 fwd_subsumed=41697 shared_published=0 shared_imported=0,90.9,raw/mrs/ueq/LCL084-10.stdout,raw/mrs/ueq/LCL084-10.stderr,4df9ca7ef8366eca882a347de15611dc9db57d59ccf4a6b92d7e17045eed41e5,036cc4d2a5b0766a0896f717105a140471c22b3975db147a39d06f704d330cad
casc-j13,ueq,LCL109-2,mrs,180,Unsatisfiable,Unsatisfiable,ok,29.495,9230,strategies=8 workers=8 strategy_ids=0:4;1:8;2:12;3:11;4:2;5:14;6:15;7:1 result=Refutation elapsed_ms=29368 timeout=7 saturated=0 processed=6050 generated=391200 passive=113218 weight_discarded=244 lrs_discarded=261847 fwd_subsumed=10132 shared_published=0 shared_imported=0 proof_nodes=69 proof_bytes=11718 proof_emitted=true,206.0,raw/mrs/ueq/LCL109-2.stdout,raw/mrs/ueq/LCL109-2.stderr,e96d16286829ccc61798c1cc6350edb88f531ed8469ba39a801708607dad0830,ccd1d57f2fd250aa092b4a34696d6fe8b492a7ff20fed1d1941a00fce7379ca0
casc-j13,ueq,LCL113-10,mrs,180,Timeout,Unsatisfiable,unknown,178.439,17423,strategies=8 workers=8 strategy_ids=0:4;1:8;2:12;3:11;4:2;5:14;6:15;7:1 result=Timeout elapsed_ms=178271 timeout=8 saturated=0 processed=16155 generated=325256 passive=45768 weight_discarded=0 lrs_discarded=255898 fwd_subsumed=7508 shared_published=0 shared_imported=0,90.6,raw/mrs/ueq/LCL113-10.stdout,raw/mrs/ueq/LCL113-10.stderr,d8942616df2789df47c34ac79340faf71c725197c3d1eee36debd4fd9985917f,2e1dd0593bf82513a24f3f36170ecbfbb73ea86ac39beab2f672a9921b24a1b0
casc-j13,ueq,LCL127-10,mrs,180,Timeout,Unsatisfiable,unknown,178.430,19470,strategies=8 workers=8 strategy_ids=0:4;1:8;2:12;3:11;4:2;5:14;6:15;7:1 result=Timeout elapsed_ms=178264 timeout=8 saturated=0 processed=9544 generated=713492 passive=70241 weight_discarded=0 lrs_discarded=630605 fwd_subsumed=3159 shared_published=0 shared_imported=0,53.5,raw/mrs/ueq/LCL127-10.stdout,raw/mrs/ueq/LCL127-10.stderr,b3461a41dc495737ddafb3708722229b4c9cfb3c923fae84bfdfd48e1c4f78b2,6980cd3a9371a21d1b22a518de16159704b887a021b300fc859aec9756d758b4
casc-j13,ueq,LCL148-10,mrs,180,GaveUp,Unsatisfiable,unknown,178.645,32251,strategies=8 workers=8 strategy_ids=0:4;1:8;2:12;3:11;4:2;5:14;6:15;7:1 result=GaveUp elapsed_ms=178422 timeout=7 saturated=0 processed=18953 generated=1707369 passive=64607 weight_discarded=0 lrs_discarded=1481121 fwd_subsumed=142794 shared_published=0 shared_imported=0,106.2,raw/mrs/ueq/LCL148-10.stdout,raw/mrs/ueq/LCL148-10.stderr,b957e98c182efcfad50b4eb77f3b52e48654ebfbf85002dd78f19a35a78de610,3f544187d055eadb384b8e45fc7c652c04061348f9a488cc4266102323907bc7
casc-j13,ueq,LCL160-1,mrs,180,Unsatisfiable,Unsatisfiable,ok,1.894,2125,strategies=8 workers=8 strategy_ids=0:4;1:8;2:12;3:11;4:2;5:14;6:15;7:1 result=Refutation elapsed_ms=1789 timeout=7 saturated=0 processed=2961 generated=36218 passive=32088 weight_discarded=3 lrs_discarded=0 fwd_subsumed=1269 shared_published=0 shared_imported=0 proof_nodes=157 proof_bytes=25955 proof_emitted=true,1655.1,raw/mrs/ueq/LCL160-1.stdout,raw/mrs/ueq/LCL160-1.stderr,00299f381412efaabff564ad837889d1fc5ab4f28601b871a06416583fdc3e5c,18dcfa09253891ea49a621c9025db70e067b2f288e7d25a7e776fe4cd313aafc
casc-j13,ueq,LCL192-10,mrs,180,Timeout,Unsatisfiable,unknown,178.347,13326,strategies=8 workers=8 strategy_ids=0:4;1:8;2:12;3:11;4:2;5:14;6:15;7:1 result=Timeout elapsed_ms=178123 timeout=8 saturated=0 processed=22042 generated=370196 passive=50412 weight_discarded=0 lrs_discarded=280994 fwd_subsumed=16843 shared_published=0 shared_imported=0,123.7,raw/mrs/ueq/LCL192-10.stdout,raw/mrs/ueq/LCL192-10.stderr,60fd329b53f79b355ce46ac471bfe0de891374da8e7eaee7a820bfaef6b65a18,e15d006ba930b04a6dee1052daaaa9abd6a55fad121d5446b561a6f52259576e
casc-j13,ueq,LCL195-10,mrs,180,Timeout,Unsatisfiable,unknown,178.330,13326,strategies=8 workers=8 strategy_ids=0:4;1:8;2:12;3:11;4:2;5:14;6:15;7:1 result=Timeout elapsed_ms=178168 timeout=8 saturated=0 processed=21653 generated=317172 passive=57157 weight_discarded=0 lrs_discarded=221666 fwd_subsumed=16793 shared_published=0 shared_imported=0,121.5,raw/mrs/ueq/LCL195-10.stdout,raw/mrs/ueq/LCL195-10.stderr,5a5807cd5810f99337c266c82d37b4fae35bfc91dc439e10254bf65aecfed294,4adb09d5bb40a881ffc9ce11816489d42ad5df171c221d0544447c360440979d
casc-j13,ueq,LCL203-10,mrs,180,Unsatisfiable,Unsatisfiable,ok,36.720,5133,strategies=8 workers=8 strategy_ids=0:4;1:8;2:12;3:11;4:2;5:14;6:15;7:1 result=Refutation elapsed_ms=36616 timeout=7 saturated=0 processed=11290 generated=117308 passive=77617 weight_discarded=0 lrs_discarded=20888 fwd_subsumed=7609 shared_published=0 shared_imported=0 proof_nodes=65 proof_bytes=10507 proof_emitted=true,308.3,raw/mrs/ueq/LCL203-10.stdout,raw/mrs/ueq/LCL203-10.stderr,4b6477f32551d1ea7dba2fb088c76b1e1cecce7e8dc252bef1a3fe28c73d2593,33525781782760475b748731da63bbc6b0a1f2ffb8298654cd1435e20eb82bad
casc-j13,ueq,LCL218-10,mrs,180,Unsatisfiable,Unsatisfiable,ok,90.587,13326,strategies=8 workers=8 strategy_ids=0:4;1:8;2:12;3:11;4:2;5:14;6:15;7:1 result=Refutation elapsed_ms=90449 timeout=7 saturated=0 processed=15919 generated=157810 passive=65620 weight_discarded=0 lrs_discarded=70774 fwd_subsumed=5596 shared_published=0 shared_imported=0 proof_nodes=74 proof_bytes=11657 proof_emitted=true,176.0,raw/mrs/ueq/LCL218-10.stdout,raw/mrs/ueq/LCL218-10.stderr,c2904f74d722d7efea3ae29c060bb37b1b09d8d8950b1d675df8b04e26062f46,33606147929712d4ab6f08b4a0a3118e2ce36b74fddbb5c2f26bfce839fac8cb
casc-j13,ueq,LCL220-10,mrs,180,Unsatisfiable,Unsatisfiable,ok,146.208,11278,strategies=8 workers=8 strategy_ids=0:4;1:8;2:12;3:11;4:2;5:14;6:15;7:1 result=Refutation elapsed_ms=146070 timeout=7 saturated=0 processed=18201 generated=352712 passive=51088 weight_discarded=0 lrs_discarded=269697 fwd_subsumed=13819 shared_published=0 shared_imported=0 proof_nodes=118 proof_bytes=19020 proof_emitted=true,124.6,raw/mrs/ueq/LCL220-10.stdout,raw/mrs/ueq/LCL220-10.stderr,13634df0fcc6bdcf3841616c91f0d4e9e192735e2f231c91408261bf99b4fc00,3b3fc0e909b92e99b63dc877cc36302a5237dca0771ba8fa8d21b08e4af26013
casc-j13,ueq,LCL224-10,mrs,180,Timeout,Unsatisfiable,unknown,178.326,13326,strategies=8 workers=8 strategy_ids=0:4;1:8;2:12;3:11;4:2;5:14;6:15;7:1 result=Timeout elapsed_ms=178172 timeout=8 saturated=0 processed=21553 generated=308048 passive=43806 weight_discarded=0 lrs_discarded=227416 fwd_subsumed=15373 shared_published=0 shared_imported=0,121.0,raw/mrs/ueq/LCL224-10.stdout,raw/mrs/ueq/LCL224-10.stderr,5cb2e19301d163cf2e950e7afd53a8590f81a07d989d58c5b8a6a94975c4436c,a43f7f6ea41a9482d4e427fa1bc4ecb469647f678192baa64483f36042444983
casc-j13,ueq,LCL225-10,mrs,180,Timeout,Unsatisfiable,unknown,178.464,21519,strategies=8 workers=8 strategy_ids=0:4;1:8;2:12;3:11;4:2;5:14;6:15;7:1 result=Timeout elapsed_ms=178291 timeout=8 saturated=0 processed=21874 generated=178429 passive=64504 weight_discarded=0 lrs_discarded=84481 fwd_subsumed=7678 shared_published=0 shared_imported=0,122.7,raw/mrs/ueq/LCL225-10.stdout,raw/mrs/ueq/LCL225-10.stderr,8a4853e414d4ace849b261230744be0275acf3425ed3cafedb9548c32cd8d26a,1b279f62c8c5e4394609165d275f836f41162b9d8f44bd4b0f063b431dea2d7b
casc-j13,ueq,LCL231-10,mrs,180,Timeout,Unsatisfiable,unknown,178.331,13326,strategies=8 workers=8 strategy_ids=0:4;1:8;2:12;3:11;4:2;5:14;6:15;7:1 result=Timeout elapsed_ms=178203 timeout=8 saturated=0 processed=20484 generated=413497 passive=51222 weight_discarded=0 lrs_discarded=327036 fwd_subsumed=14854 shared_published=0 shared_imported=0,114.9,raw/mrs/ueq/LCL231-10.stdout,raw/mrs/ueq/LCL231-10.stderr,4d529f44972c84de1e89a98186ee2cc1e0c2388c5f0c620c159f673dd48341a5,8112366670f4274f1a44e65e8c7e65f91d27a5ea807835de801181e4b9c3184c
casc-j13,ueq,LCL245-10,mrs,180,Timeout,Unsatisfiable,unknown,178.308,11278,strategies=8 workers=8 strategy_ids=0:4;1:8;2:12;3:11;4:2;5:14;6:15;7:1 result=Timeout elapsed_ms=178166 timeout=8 saturated=0 processed=20014 generated=434748 passive=69289 weight_discarded=0 lrs_discarded=331997 fwd_subsumed=13552 shared_published=0 shared_imported=0,112.3,raw/mrs/ueq/LCL245-10.stdout,raw/mrs/ueq/LCL245-10.stderr,7a68283e892bd98872615173268ff311924c21cc23db40b9e6b51538686d3e8d,5b7e3d8db250ba359a52b2761fb30ebb496dd10f4ca2e6bf4a0d8eb89c09f6bf
casc-j13,ueq,LCL250-10,mrs,180,Timeout,Unsatisfiable,unknown,178.347,11278,strategies=8 workers=8 strategy_ids=0:4;1:8;2:12;3:11;4:2;5:14;6:15;7:1 result=Timeout elapsed_ms=178177 timeout=8 saturated=0 processed=20860 generated=457680 passive=56536 weight_discarded=0 lrs_discarded=364107 fwd_subsumed=16278 shared_published=0 shared_imported=0,117.1,raw/mrs/ueq/LCL250-10.stdout,raw/mrs/ueq/LCL250-10.stderr,b24ea9df08c78cbb5a4280bfefb930e693b48e07564b90a5468e6e1186211e9b,654d7c34e8b40ccc2288bf11b2dadcba73aa7aac03ec3e44d4aacb20bd4641e0
casc-j13,ueq,LCL263-10,mrs,180,Timeout,Unsatisfiable,unknown,178.312,11278,strategies=8 workers=8 strategy_ids=0:4;1:8;2:12;3:11;4:2;5:14;6:15;7:1 result=Timeout elapsed_ms=178152 timeout=8 saturated=0 processed=22414 generated=536992 passive=57540 weight_discarded=0 lrs_discarded=437176 fwd_subsumed=19975 shared_published=0 shared_imported=0,125.8,raw/mrs/ueq/LCL263-10.stdout,raw/mrs/ueq/LCL263-10.stderr,462ce89428ba2a4cd4f9d7016805674d2477e4f73e91ac93409cacfb0bea64d7,b56e0722cbe00df0a845a975f8f9a66a9e18c5d1e254ecbe1ded6e5d5bb4980f
casc-j13,ueq,LCL265-10,mrs,180,Unsatisfiable,Unsatisfiable,ok,86.667,9230,strategies=8 workers=8 strategy_ids=0:4;1:8;2:12;3:11;4:2;5:14;6:15;7:1 result=Refutation elapsed_ms=86559 timeout=7 saturated=0 processed=16279 generated=367525 passive=61473 weight_discarded=0 lrs_discarded=276511 fwd_subsumed=13364 shared_published=0 shared_imported=0 proof_nodes=94 proof_bytes=16065 proof_emitted=true,188.1,raw/mrs/ueq/LCL265-10.stdout,raw/mrs/ueq/LCL265-10.stderr,165b2e8f95fd48b532d9f0848395f3e341764c50b9c00e7051620b00f4a4939d,349ea5a4b540dc0f8b4e1bf8509b147ad2cab9ddeca31336282168c553146e40
casc-j13,ueq,LCL278-10,mrs,180,Timeout,Unsatisfiable,unknown,178.345,13326,strategies=8 workers=8 strategy_ids=0:4;1:8;2:12;3:11;4:2;5:14;6:15;7:1 result=Timeout elapsed_ms=178201 timeout=8 saturated=0 processed=21351 generated=379947 passive=47530 weight_discarded=16 lrs_discarded=296541 fwd_subsumed=14637 shared_published=0 shared_imported=0,119.8,raw/mrs/ueq/LCL278-10.stdout,raw/mrs/ueq/LCL278-10.stderr,97678247c5a9cba9a4c9c21cab6733ecb47a9e662253143f7b57cb99ce78efa3,4effc9db4e372f24876458788a99c0c249353d68549ed96dcc2b201821eeea54
casc-j13,ueq,LCL282-10,mrs,180,Timeout,Unsatisfiable,unknown,178.370,13326,strategies=8 workers=8 strategy_ids=0:4;1:8;2:12;3:11;4:2;5:14;6:15;7:1 result=Timeout elapsed_ms=178200 timeout=8 saturated=0 processed=22093 generated=469594 passive=63712 weight_discarded=0 lrs_discarded=366988 fwd_subsumed=16916 shared_published=0 shared_imported=0,124.0,raw/mrs/ueq/LCL282-10.stdout,raw/mrs/ueq/LCL282-10.stderr,56696ddf4f857f2b1b70482466fb9667d2d191246481a1f907717242427f2fa8,4ca93d4e2282cf3fe2056158281a7c907ba4ec84f0d9b63aa158bdccff889823
casc-j13,ueq,LCL289-10,mrs,180,Timeout,Unsatisfiable,unknown,178.301,11278,strategies=8 workers=8 strategy_ids=0:4;1:8;2:12;3:11;4:2;5:14;6:15;7:1 result=Timeout elapsed_ms=178137 timeout=8 saturated=0 processed=22621 generated=524409 passive=45298 weight_discarded=0 lrs_discarded=436629 fwd_subsumed=19979 shared_published=0 shared_imported=0,127.0,raw/mrs/ueq/LCL289-10.stdout,raw/mrs/ueq/LCL289-10.stderr,d3393ebd45cf62a6c96d7b3ee6065c565245e6dd881d46315036b5d0d7e85d30,cd26b0bf1e69e5173b7ae4f9f1b62e3890c34858fb201af6559fd882fa7417e4
casc-j13,ueq,LCL304-10,mrs,180,Timeout,Unsatisfiable,unknown,178.331,13326,strategies=8 workers=8 strategy_ids=0:4;1:8;2:12;3:11;4:2;5:14;6:15;7:1 result=Timeout elapsed_ms=178175 timeout=8 saturated=0 processed=22502 generated=426398 passive=41085 weight_discarded=4 lrs_discarded=346903 fwd_subsumed=16017 shared_published=0 shared_imported=0,126.3,raw/mrs/ueq/LCL304-10.stdout,raw/mrs/ueq/LCL304-10.stderr,40be4d4950c96388c58b6fc0ba9a819423b83dbf650e1d20eb0f9cd4470ee8b7,058c52ecfc5731dd4ebdcd943f4af49ad5996231cff0536e7343922bebab16c7
casc-j13,ueq,LCL306-10,mrs,180,Timeout,Unsatisfiable,unknown,178.330,13326,strategies=8 workers=8 strategy_ids=0:4;1:8;2:12;3:11;4:2;5:14;6:15;7:1 result=Timeout elapsed_ms=178163 timeout=8 saturated=0 processed=23192 generated=423166 passive=57195 weight_discarded=0 lrs_discarded=324364 fwd_subsumed=18524 shared_published=0 shared_imported=0,130.2,raw/mrs/ueq/LCL306-10.stdout,raw/mrs/ueq/LCL306-10.stderr,c6cd3aee231fde2ac4cf8a952618224435d8cdb7a58a53603af888cffcaccab8,31ed3b57c81d7ff534c6239527ff4b68910c37a891b6e292ea51a47013260c89
casc-j13,ueq,LCL330-10,mrs,180,Timeout,Unsatisfiable,unknown,178.318,13326,strategies=8 workers=8 strategy_ids=0:4;1:8;2:12;3:11;4:2;5:14;6:15;7:1 result=Timeout elapsed_ms=178156 timeout=8 saturated=0 processed=21826 generated=421816 passive=45573 weight_discarded=0 lrs_discarded=338571 fwd_subsumed=15956 shared_published=0 shared_imported=0,122.5,raw/mrs/ueq/LCL330-10.stdout,raw/mrs/ueq/LCL330-10.stderr,60ad0d5304a4abec59970a72988e4006b8e1e715edebbb0272a4cf54c71c4fde,64ca915801415f0499d893a48ef75d5e249f0487969c204849e7f403f35760bd
casc-j13,ueq,LCL331-10,mrs,180,Timeout,Unsatisfiable,unknown,178.322,11278,strategies=8 workers=8 strategy_ids=0:4;1:8;2:12;3:11;4:2;5:14;6:15;7:1 result=Timeout elapsed_ms=178160 timeout=8 saturated=0 processed=21023 generated=488885 passive=60267 weight_discarded=0 lrs_discarded=392419 fwd_subsumed=15290 shared_published=0 shared_imported=0,118.0,raw/mrs/ueq/LCL331-10.stdout,raw/mrs/ueq/LCL331-10.stderr,41a909aff22d89e9ba3575785f84b0a77fe6a4ac8df0f732481bba637a3ae4e1,cf1fc5dfea015339aa7d544aea2f8d5f7c98dfecb9f96751dc9eee1932f683bd
casc-j13,ueq,LCL339-10,mrs,180,Timeout,Unsatisfiable,unknown,178.339,11278,strategies=8 workers=8 strategy_ids=0:4;1:8;2:12;3:11;4:2;5:14;6:15;7:1 result=Timeout elapsed_ms=178174 timeout=8 saturated=0 processed=21042 generated=449432 passive=37186 weight_discarded=0 lrs_discarded=377849 fwd_subsumed=13470 shared_published=0 shared_imported=0,118.1,raw/mrs/ueq/LCL339-10.stdout,raw/mrs/ueq/LCL339-10.stderr,dc8a680477d965866729e798f41ff3301ecfbd0ab026a58ce7f20e5493bb4ffe,1b41177312b9ba18dbf90e52444b7fc04359b86be65d580e43605d9dbd52711c
casc-j13,ueq,LCL341-10,mrs,180,Timeout,Unsatisfiable,unknown,178.318,13326,strategies=8 workers=8 strategy_ids=0:4;1:8;2:12;3:11;4:2;5:14;6:15;7:1 result=Timeout elapsed_ms=178156 timeout=8 saturated=0 processed=20670 generated=506890 passive=42647 weight_discarded=0 lrs_discarded=430103 fwd_subsumed=13576 shared_published=0 shared_imported=0,116.0,raw/mrs/ueq/LCL341-10.stdout,raw/mrs/ueq/LCL341-10.stderr,ee0b854d8bf7d422b6c4575466ead2fb5a19dd828fc003b1e61268990b8ea25b,47fd180450a878ac185b57f440efabda9b8d440eaf30919eb5b830d82a28aee7
casc-j13,ueq,LCL348-10,mrs,180,Timeout,Unsatisfiable,unknown,178.329,11278,strategies=8 workers=8 strategy_ids=0:4;1:8;2:12;3:11;4:2;5:14;6:15;7:1 result=Timeout elapsed_ms=178154 timeout=8 saturated=0 processed=22663 generated=413073 passive=42790 weight_discarded=0 lrs_discarded=329770 fwd_subsumed=17962 shared_published=0 shared_imported=0,127.2,raw/mrs/ueq/LCL348-10.stdout,raw/mrs/ueq/LCL348-10.stderr,46bf87aa364b5a44ccd871878a183f65a3a6460326fb0b7f195a2976c38259df,cc37b1325540ec8bc9e1fca8b72b582ddff3b28b2f53cb75a29aebefbe21d084
casc-j13,ueq,LCL351-10,mrs,180,Timeout,Unsatisfiable,unknown,178.325,11278,strategies=8 workers=8 strategy_ids=0:4;1:8;2:12;3:11;4:2;5:14;6:15;7:1 result=Timeout elapsed_ms=178174 timeout=8 saturated=0 processed=23037 generated=412928 passive=38079 weight_discarded=0 lrs_discarded=334205 fwd_subsumed=17724 shared_published=0 shared_imported=0,129.3,raw/mrs/ueq/LCL351-10.stdout,raw/mrs/ueq/LCL351-10.stderr,40b4b450842b7dbe8c8cc78e7c787bb127cb7dca00333e1d44a8ee6701b046b0,9e3160087ffe5f7822e488caa7401592a31ee94329d1ad109844936689b071f9
casc-j13,ueq,LCL375-10,mrs,180,Timeout,Unsatisfiable,unknown,178.469,17422,strategies=8 workers=8 strategy_ids=0:4;1:8;2:12;3:11;4:2;5:14;6:15;7:1 result=Timeout elapsed_ms=178303 timeout=8 saturated=0 processed=15726 generated=320031 passive=48905 weight_discarded=0 lrs_discarded=246903 fwd_subsumed=8569 shared_published=0 shared_imported=0,88.2,raw/mrs/ueq/LCL375-10.stdout,raw/mrs/ueq/LCL375-10.stderr,096df901d1ff5040b89518c74b4a932908ce8aded97fb5ce1afceaa401e745b1,72d90f152032533980d3ca9346abbbc74a828841c6f6519634ce9b0c22ff13e7
casc-j13,ueq,LCL384-10,mrs,180,Timeout,Unsatisfiable,unknown,178.440,19471,strategies=8 workers=8 strategy_ids=0:4;1:8;2:12;3:11;4:2;5:14;6:15;7:1 result=Timeout elapsed_ms=178269 timeout=8 saturated=0 processed=15187 generated=317679 passive=55363 weight_discarded=0 lrs_discarded=238842 fwd_subsumed=8360 shared_published=0 shared_imported=0,85.2,raw/mrs/ueq/LCL384-10.stdout,raw/mrs/ueq/LCL384-10.stderr,10f0c4da062cac8e19de296a0a5f3348b9fa5b75d661f696987bd4b3fc279480,0eaa7a671bad6abd5b693ee4b71455b8742ff5978cc00efc892b5d27e6e84685
casc-j13,ueq,LCL390-10,mrs,180,Timeout,Unsatisfiable,unknown,178.476,19471,strategies=8 workers=8 strategy_ids=0:4;1:8;2:12;3:11;4:2;5:14;6:15;7:1 result=Timeout elapsed_ms=178317 timeout=8 saturated=0 processed=16077 generated=300712 passive=51492 weight_discarded=0 lrs_discarded=223827 fwd_subsumed=9380 shared_published=0 shared_imported=0,90.2,raw/mrs/ueq/LCL390-10.stdout,raw/mrs/ueq/LCL390-10.stderr,91489ca9b6294ee9cd7a35d47854337b01da2f8086d23a8e77361a704502b4c6,8f846c8eb7dc452bbf10e84f1ea89b28e372bdf22154403ddd1ce80126d558a4
casc-j13,ueq,LCL395-10,mrs,180,Timeout,Unsatisfiable,unknown,178.417,17422,strategies=8 workers=8 strategy_ids=0:4;1:8;2:12;3:11;4:2;5:14;6:15;7:1 result=Timeout elapsed_ms=178264 timeout=8 saturated=0 processed=16497 generated=316845 passive=68563 weight_discarded=0 lrs_discarded=222841 fwd_subsumed=9017 shared_published=0 shared_imported=0,92.5,raw/mrs/ueq/LCL395-10.stdout,raw/mrs/ueq/LCL395-10.stderr,6f364ecda2f792000139543422806dd78522830cc1246d5c83f1e49981c45928,0cd3d02771cc540cbed6df3ef25cde252da1fe8fd899f1d98c21258d1d2da32e
casc-j13,ueq,LCL400-10,mrs,180,Timeout,Unsatisfiable,unknown,178.424,19471,strategies=8 workers=8 strategy_ids=0:4;1:8;2:12;3:11;4:2;5:14;6:15;7:1 result=Timeout elapsed_ms=178278 timeout=8 saturated=0 processed=15625 generated=298056 passive=52315 weight_discarded=0 lrs_discarded=219817 fwd_subsumed=10359 shared_published=0 shared_imported=0,87.6,raw/mrs/ueq/LCL400-10.stdout,raw/mrs/ueq/LCL400-10.stderr,395a89e79971329d56daae346433fbebcffce357724bba153e18e06fe5839bfa,f69913d8f19a0a23a2df91c76e299093672b34ccdd469839958affd91899651f
casc-j13,ueq,LCL890-10,mrs,180,Unsatisfiable,Unsatisfiable,ok,89.506,13326,strategies=8 workers=8 strategy_ids=0:4;1:8;2:12;3:11;4:2;5:14;6:15;7:1 result=Refutation elapsed_ms=89365 timeout=7 saturated=0 processed=19890 generated=479805 passive=80181 weight_discarded=0 lrs_discarded=365113 fwd_subsumed=14768 shared_published=0 shared_imported=0 proof_nodes=87 proof_bytes=14563 proof_emitted=true,222.6,raw/mrs/ueq/LCL890-10.stdout,raw/mrs/ueq/LCL890-10.stderr,5d3533ef520d1cad2cb1245ecea9aac40dd8a62702e6ea44dd31dbf29f80af38,f5e453e38be04fb493aacc51d441008a98bb1d5a72d1f28ef8898f154b13274a
casc-j13,ueq,LCL897-10,mrs,180,Unsatisfiable,Unsatisfiable,ok,35.845,11278,strategies=8 workers=8 strategy_ids=0:4;1:8;2:12;3:11;4:2;5:14;6:15;7:1 result=Refutation elapsed_ms=35705 timeout=7 saturated=0 processed=6955 generated=518398 passive=101994 weight_discarded=0 lrs_discarded=400142 fwd_subsumed=9384 shared_published=0 shared_imported=0 proof_nodes=125 proof_bytes=20119 proof_emitted=true,194.8,raw/mrs/ueq/LCL897-10.stdout,raw/mrs/ueq/LCL897-10.stderr,ee7a0177039b1eda37521addf5f0763f34559c6ba3877d9391bf8fc42e910959,11ee1d161e585320efea53d26095ca452b88b57e5e17377f1aafe2f9fb6c63f2
casc-j13,ueq,LCL927-10,mrs,180,Timeout,Unsatisfiable,unknown,178.345,11278,strategies=8 workers=8 strategy_ids=0:4;1:8;2:12;3:11;4:2;5:14;6:15;7:1 result=Timeout elapsed_ms=178202 timeout=8 saturated=0 processed=11244 generated=619383 passive=64885 weight_discarded=0 lrs_discarded=539567 fwd_subsumed=3764 shared_published=0 shared_imported=0,63.1,raw/mrs/ueq/LCL927-10.stdout,raw/mrs/ueq/LCL927-10.stderr,9d4f4fb168d36a3d3683516bba0a0b69696d6ac2391ed967b8828cb1c075a419,1df046c5a2fda849900dc15dfc8c31a39f871334d78416536a6037f71e0cf6cc
casc-j13,ueq,MVA003-1,mrs,180,Timeout,Unsatisfiable,unknown,179.201,35419,strategies=8 workers=8 strategy_ids=0:4;1:8;2:12;3:11;4:2;5:14;6:15;7:1 result=Timeout elapsed_ms=179006 timeout=8 saturated=0 processed=16959 generated=806169 passive=58567 weight_discarded=1935 lrs_discarded=718829 fwd_subsumed=11946 shared_published=0 shared_imported=0,94.7,raw/mrs/ueq/MVA003-1.stdout,raw/mrs/ueq/MVA003-1.stderr,a2917facdca361480b333083c2cce391864102c3817690773f0b77562518a760,c9ef1dabf27c616f728c5a4bbcbc54c94bb4ff93ef767b650c4df29c1ab9092c
casc-j13,ueq,MVA009-1,mrs,180,Unsatisfiable,Unsatisfiable,ok,19.831,7182,strategies=8 workers=8 strategy_ids=0:4;1:8;2:12;3:11;4:2;5:14;6:15;7:1 result=Refutation elapsed_ms=19699 timeout=7 saturated=0 processed=7014 generated=204644 passive=117339 weight_discarded=816 lrs_discarded=75761 fwd_subsumed=4654 shared_published=0 shared_imported=0 proof_nodes=172 proof_bytes=26458 proof_emitted=true,356.1,raw/mrs/ueq/MVA009-1.stdout,raw/mrs/ueq/MVA009-1.stderr,f124f32a21089305261573556bc1316b3a670bfbbac9ad9e89cbb08108d4a01c,76f3103d55edd14760d331c7ecc37134d7895eac400191df66c3faf023f26c9a
casc-j13,ueq,MVA011-1,mrs,180,Timeout,Unsatisfiable,unknown,179.344,37903,strategies=8 workers=8 strategy_ids=0:4;1:8;2:12;3:11;4:2;5:14;6:15;7:1 result=Timeout elapsed_ms=179157 timeout=8 saturated=0 processed=18569 generated=823640 passive=62546 weight_discarded=1178 lrs_discarded=727000 fwd_subsumed=15655 shared_published=0 shared_imported=0,103.6,raw/mrs/ueq/MVA011-1.stdout,raw/mrs/ueq/MVA011-1.stderr,a0cd080acdd5c47ed672adcd230f7c652304d81c7ce1731e2dc3e874da00cbbc,06b7550c8e87a09e270ecac0e28e57d7349fed78a06fe08074ef2ebdf2a51340
casc-j13,ueq,NUM284-10.014,mrs,180,Timeout,Unsatisfiable,unknown,178.112,2125,strategies=8 workers=8 strategy_ids=0:4;1:8;2:12;3:11;4:2;5:14;6:15;7:1 result=Timeout elapsed_ms=177988 timeout=8 saturated=0 processed=18137 generated=55769 passive=26854 weight_discarded=3 lrs_discarded=4158 fwd_subsumed=6710 shared_published=0 shared_imported=0,101.9,raw/mrs/ueq/NUM284-10.014.stdout,raw/mrs/ueq/NUM284-10.014.stderr,69dd7de4f9a0426e82275c311be72186a5c3071600752b81836ef5a7039413c2,8562c84be98f8d5aa8916d72d5dad23a3fc49367db39a77d1a8e8e25417d89ca
casc-j13,ueq,NUN133-1,mrs,180,Timeout,Unsatisfiable,unknown,178.872,15374,strategies=8 workers=8 strategy_ids=0:4;1:8;2:12;3:11;4:2;5:14;6:15;7:1 result=Timeout elapsed_ms=178685 timeout=8 saturated=0 processed=10909 generated=1491036 passive=53879 weight_discarded=168 lrs_discarded=1410979 fwd_subsumed=15396 shared_published=0 shared_imported=0,61.1,raw/mrs/ueq/NUN133-1.stdout,raw/mrs/ueq/NUN133-1.stderr,c9c914a8680b7d8e4582d9b009444482c7027cfcdd9e3cebe944595b60f82665,18cb85c3afec2e32a52b5d9d28f51d0ad341b47999bd8308d53442651c131977
casc-j13,ueq,NUN135-1.006,mrs,180,Unsatisfiable,Unsatisfiable,ok,2.504,2125,strategies=8 workers=8 strategy_ids=0:4;1:8;2:12;3:11;4:2;5:14;6:15;7:1 result=Refutation elapsed_ms=2408 timeout=7 saturated=0 processed=2662 generated=16061 passive=10207 weight_discarded=27 lrs_discarded=0 fwd_subsumed=3297 shared_published=0 shared_imported=0 proof_nodes=55 proof_bytes=9144 proof_emitted=true,1105.5,raw/mrs/ueq/NUN135-1.006.stdout,raw/mrs/ueq/NUN135-1.006.stderr,cf2312e81dd6fa4fc388e714c8795537dc494459689a1e9d31e03d76722a6ab2,4ff85c85f4a5c545be5beaced0b1254f01954865d6018ad5a53cf7d6997394ce
casc-j13,ueq,NUN135-1.028,mrs,180,Timeout,Unsatisfiable,unknown,180.000,,,,raw/mrs/ueq/NUN135-1.028.stdout,raw/mrs/ueq/NUN135-1.028.stderr,e3b0c44298fc1c149afbf4c8996fb92427ae41e4649b934ca495991b7852b855,2e86b0c922da4d05ee2daf3b7a32987e8a662e4dec39640b03caa846d4d22538
casc-j13,ueq,PLA007-10,mrs,180,Timeout,Unsatisfiable,unknown,178.263,6157,strategies=8 workers=8 strategy_ids=0:4;1:8;2:12;3:11;4:2;5:14;6:15;7:1 result=Timeout elapsed_ms=178110 timeout=8 saturated=0 processed=24027 generated=917263 passive=55558 weight_discarded=0 lrs_discarded=835951 fwd_subsumed=1981 shared_published=0 shared_imported=0,134.9,raw/mrs/ueq/PLA007-10.stdout,raw/mrs/ueq/PLA007-10.stderr,21f57b0fb332dea814696aa59baa05c45126e6fa98e24fdc8d1c61a7be1622a3,bac356e1d7f43a31754edf19831c98c178ffcff1a59f94326fc8999804ab0bd1
casc-j13,ueq,PLA008-10,mrs,180,Timeout,Unsatisfiable,unknown,178.280,7182,strategies=8 workers=8 strategy_ids=0:4;1:8;2:12;3:11;4:2;5:14;6:15;7:1 result=Timeout elapsed_ms=178134 timeout=8 saturated=0 processed=23969 generated=968933 passive=55015 weight_discarded=0 lrs_discarded=888160 fwd_subsumed=2053 shared_published=0 shared_imported=0,134.6,raw/mrs/ueq/PLA008-10.stdout,raw/mrs/ueq/PLA008-10.stderr,1d5a43ff82167cb7059a0c569a939b95a744cabb1b6e64c6d3b7ffafa0632c73,768219d8ab66e92d7c8f33f7dbf8b261f7e127cd09a099ef165025f0d88e0d96
casc-j13,ueq,PLA014-10,mrs,180,Timeout,Unsatisfiable,unknown,178.271,6157,strategies=8 workers=8 strategy_ids=0:4;1:8;2:12;3:11;4:2;5:14;6:15;7:1 result=Timeout elapsed_ms=178127 timeout=8 saturated=0 processed=25079 generated=1013400 passive=67942 weight_discarded=0 lrs_discarded=918321 fwd_subsumed=2319 shared_published=0 shared_imported=0,140.8,raw/mrs/ueq/PLA014-10.stdout,raw/mrs/ueq/PLA014-10.stderr,32f45bf9719f75d904fbc6c02df47e7b9cec35965a1c1d911129b4891416430a,3ccc3c7699c0f088b101402b01498f6f5808ff90dac5fc3b2413ff159fddfdc4
casc-j13,ueq,PLA015-10,mrs,180,Timeout,Unsatisfiable,unknown,178.282,6157,strategies=8 workers=8 strategy_ids=0:4;1:8;2:12;3:11;4:2;5:14;6:15;7:1 result=Timeout elapsed_ms=178155 timeout=8 saturated=0 processed=24206 generated=885946 passive=59502 weight_discarded=0 lrs_discarded=800483 fwd_subsumed=2015 shared_published=0 shared_imported=0,135.9,raw/mrs/ueq/PLA015-10.stdout,raw/mrs/ueq/PLA015-10.stderr,8e8ce7d89ea8cd9bbf22d886c7eb269ddbfa675f34afc7f5659e803fabbfa653,b5a8f50cad304f31eaab45b480ad289882fc2e4b969f466c3f68634033ab0267
casc-j13,ueq,PLA017-10,mrs,180,Unsatisfiable,Unsatisfiable,ok,.738,2125,strategies=8 workers=8 strategy_ids=0:4;1:8;2:12;3:11;4:2;5:14;6:15;7:1 result=Refutation elapsed_ms=648 timeout=7 saturated=0 processed=1861 generated=15818 passive=14096 weight_discarded=0 lrs_discarded=0 fwd_subsumed=113 shared_published=0 shared_imported=0 proof_nodes=31 proof_bytes=5425 proof_emitted=true,2871.9,raw/mrs/ueq/PLA017-10.stdout,raw/mrs/ueq/PLA017-10.stderr,c5ecdf4c04ceb8fe129de0583c1c59ad4210a9cf37e90c798f115eb6a2835e25,bd870bb6e97a8c80d276cbdf6d8e8a8781762e8c3735e58630bde1c831334f71
casc-j13,ueq,PUZ039-10,mrs,180,Timeout,Unsatisfiable,unknown,178.092,2125,strategies=8 workers=8 strategy_ids=0:4;1:8;2:12;3:11;4:2;5:14;6:15;7:1 result=Timeout elapsed_ms=178008 timeout=8 saturated=0 processed=13208 generated=33757 passive=17961 weight_discarded=0 lrs_discarded=0 fwd_subsumed=2943 shared_published=0 shared_imported=0,74.2,raw/mrs/ueq/PUZ039-10.stdout,raw/mrs/ueq/PUZ039-10.stderr,1acebe8f614c2f06050e5d898c3c720f8aa2a649b8df8f61aae2a63e19f569f6,c8a1022b48f1c17f9f58dc9fc00af2ab35043fc0ab507a3a322f0c30e0e0edb4
casc-j13,ueq,PUZ164-1,mrs,180,Unsatisfiable,Unsatisfiable,ok,97.223,5133,strategies=8 workers=8 strategy_ids=0:4;1:8;2:12;3:11;4:2;5:14;6:15;7:1 result=Refutation elapsed_ms=97075 timeout=7 saturated=0 processed=16257 generated=228780 passive=50273 weight_discarded=1304 lrs_discarded=139451 fwd_subsumed=22925 shared_published=0 shared_imported=0 proof_nodes=59 proof_bytes=15216 proof_emitted=true,167.5,raw/mrs/ueq/PUZ164-1.stdout,raw/mrs/ueq/PUZ164-1.stderr,b827a8b7fb2b0f417de000bdecc2a46dc343bc866a8ea2bea5179f2f345bec54,024e04b2036404406e3155986e7e2813d5a72c9cc891afbde0c6dd04960cbcdd
casc-j13,ueq,PUZ164-2,mrs,180,Timeout,Unsatisfiable,unknown,178.301,6157,strategies=8 workers=8 strategy_ids=0:4;1:8;2:12;3:11;4:2;5:14;6:15;7:1 result=Timeout elapsed_ms=178171 timeout=8 saturated=0 processed=21703 generated=333435 passive=41931 weight_discarded=1806 lrs_discarded=229027 fwd_subsumed=40897 shared_published=0 shared_imported=0,121.8,raw/mrs/ueq/PUZ164-2.stdout,raw/mrs/ueq/PUZ164-2.stderr,ef52e42518c74130e5dff230de0a44108d1fec48b2e5c9e6b01d1050deaecf69,338226d4fef7baf066be0e26532c3b487a0f1cae85f66cc53b153aa51389b371
casc-j13,ueq,REL010-1,mrs,180,Timeout,Unsatisfiable,unknown,178.430,13326,strategies=8 workers=8 strategy_ids=0:4;1:8;2:12;3:11;4:2;5:14;6:15;7:1 result=Timeout elapsed_ms=178235 timeout=8 saturated=0 processed=23671 generated=921979 passive=92096 weight_discarded=3 lrs_discarded=769259 fwd_subsumed=37076 shared_published=0 shared_imported=0,132.8,raw/mrs/ueq/REL010-1.stdout,raw/mrs/ueq/REL010-1.stderr,7c43ede87a35dfb184950ef06757f61942f62db5d0eeee692af7cf02a3256555,9db283e88bd1e8cbb5a507e3b6ab9e66f7c8178442daaf22bc6a30bd4898df1c
casc-j13,ueq,REL010-2,mrs,180,Unsatisfiable,Unsatisfiable,ok,5.542,3085,strategies=8 workers=8 strategy_ids=0:4;1:8;2:12;3:11;4:2;5:14;6:15;7:1 result=Refutation elapsed_ms=5435 timeout=7 saturated=0 processed=4115 generated=122840 passive=115393 weight_discarded=12 lrs_discarded=0 fwd_subsumed=3472 shared_published=0 shared_imported=0 proof_nodes=149 proof_bytes=24189 proof_emitted=true,757.1,raw/mrs/ueq/REL010-2.stdout,raw/mrs/ueq/REL010-2.stderr,d54559144ec0f8d06f8eeb152d7aff30e5bd7ae5a3dd70142d83cd7568ceb94b,5f3b2aeba2c665a20ec5e72d223ff7f1529dcfba7d62e215420c6dcd1fc9dcb4
casc-j13,ueq,REL011-1,mrs,180,Timeout,Unsatisfiable,unknown,178.609,15374,strategies=8 workers=8 strategy_ids=0:4;1:8;2:12;3:11;4:2;5:14;6:15;7:1 result=Timeout elapsed_ms=178431 timeout=8 saturated=0 processed=23298 generated=961746 passive=68834 weight_discarded=1 lrs_discarded=828256 fwd_subsumed=41481 shared_published=0 shared_imported=0,130.6,raw/mrs/ueq/REL011-1.stdout,raw/mrs/ueq/REL011-1.stderr,dc4b3b08d7190b08dd8f36fe298c2632c12aae88eaefd641840ad6b827a203d5,a5c83e72810eca4184d5e43d4dc3a3a58e2d751cdbb7234baa009070cc1564b4
casc-j13,ueq,REL012-1,mrs,180,Unsatisfiable,Unsatisfiable,ok,.765,2125,strategies=8 workers=8 strategy_ids=0:4;1:8;2:12;3:11;4:2;5:14;6:15;7:1 result=Refutation elapsed_ms=661 timeout=7 saturated=0 processed=2430 generated=29647 passive=25911 weight_discarded=0 lrs_discarded=0 fwd_subsumed=1416 shared_published=0 shared_imported=0 proof_nodes=164 proof_bytes=25940 proof_emitted=true,3676.2,raw/mrs/ueq/REL012-1.stdout,raw/mrs/ueq/REL012-1.stderr,61e002b953ce94751c61eecae978076032a62ebe24fa9ac786325c61cb732274,d0e093741a26683c315f577cebaae54660688e28f70e4b8178ec359e80d0906d
casc-j13,ueq,REL012-2,mrs,180,Unsatisfiable,Unsatisfiable,ok,19.433,5133,strategies=8 workers=8 strategy_ids=0:4;1:8;2:12;3:11;4:2;5:14;6:15;7:1 result=Refutation elapsed_ms=19329 timeout=7 saturated=0 processed=8718 generated=318760 passive=172181 weight_discarded=12 lrs_discarded=125919 fwd_subsumed=12077 shared_published=0 shared_imported=0 proof_nodes=118 proof_bytes=19165 proof_emitted=true,451.0,raw/mrs/ueq/REL012-2.stdout,raw/mrs/ueq/REL012-2.stderr,46fdf9f2afe9c893b874ce33767a16da0480467b8a0796cab818b15e6ddae28d,99860caac536113595efd102c7630077cf621035ace7e654593d4a459be81021
casc-j13,ueq,REL016-1,mrs,180,Timeout,Unsatisfiable,unknown,178.421,13326,strategies=8 workers=8 strategy_ids=0:4;1:8;2:12;3:11;4:2;5:14;6:15;7:1 result=Timeout elapsed_ms=178243 timeout=8 saturated=0 processed=22383 generated=1014126 passive=53284 weight_discarded=0 lrs_discarded=889721 fwd_subsumed=48861 shared_published=0 shared_imported=0,125.6,raw/mrs/ueq/REL016-1.stdout,raw/mrs/ueq/REL016-1.stderr,d375897e709e371cccbbe80dabcf12f10c247721ab3053c6b6fa310d6be9cca9,950ab77535e3d0462ae1980b22b4ecdca7917aeaac7403e69463ba71c3c1ffff
casc-j13,ueq,REL016-10,mrs,180,Timeout,Unsatisfiable,unknown,178.493,17423,strategies=8 workers=8 strategy_ids=0:4;1:8;2:12;3:11;4:2;5:14;6:15;7:1 result=Timeout elapsed_ms=178336 timeout=8 saturated=0 processed=22933 generated=1077698 passive=66965 weight_discarded=0 lrs_discarded=920346 fwd_subsumed=67590 shared_published=0 shared_imported=0,128.6,raw/mrs/ueq/REL016-10.stdout,raw/mrs/ueq/REL016-10.stderr,853b6a00c8d92f59b1157ec5ebeae19a01ca6b36643bb5e633330058eadb9890,0014dfb790549745b654f6f716669e9f2b8689482f9ea4cfed5e9bac973df306
casc-j13,ueq,REL016-3,mrs,180,Timeout,Unsatisfiable,unknown,178.511,15374,strategies=8 workers=8 strategy_ids=0:4;1:8;2:12;3:11;4:2;5:14;6:15;7:1 result=Timeout elapsed_ms=178318 timeout=8 saturated=0 processed=17141 generated=1514534 passive=62515 weight_discarded=84 lrs_discarded=1373839 fwd_subsumed=61186 shared_published=0 shared_imported=0,96.1,raw/mrs/ueq/REL016-3.stdout,raw/mrs/ueq/REL016-3.stderr,c9e8615d2a8a0a37ea48fc8d45a9f4085e7eef3fb8293779b5018182eec69fa2,2bdaeacc3128e426a464529bde0330d3f7b3c3452b879927763741e93c05c537
casc-j13,ueq,REL017-1,mrs,180,Timeout,Unsatisfiable,unknown,178.494,13326,strategies=8 workers=8 strategy_ids=0:4;1:8;2:12;3:11;4:2;5:14;6:15;7:1 result=Timeout elapsed_ms=178313 timeout=8 saturated=0 processed=23568 generated=1026252 passive=55538 weight_discarded=0 lrs_discarded=882089 fwd_subsumed=65182 shared_published=0 shared_imported=0,132.2,raw/mrs/ueq/REL017-1.stdout,raw/mrs/ueq/REL017-1.stderr,a311bdb3ee7a78f5eb5cf3bf1b1348c699c5431ee7dcb778e6c436a49c0d2e0e,c8100c95ea8648c0209da70ee7e27dba2921893709cdd54f33e1dd0c75e4174c
casc-j13,ueq,REL017-3,mrs,180,GaveUp,Unsatisfiable,unknown,178.571,17422,strategies=8 workers=8 strategy_ids=0:4;1:8;2:12;3:11;4:2;5:14;6:15;7:1 result=GaveUp elapsed_ms=178389 timeout=7 saturated=0 processed=25462 generated=1121798 passive=42856 weight_discarded=136 lrs_discarded=992920 fwd_subsumed=60709 shared_published=0 shared_imported=0,142.7,raw/mrs/ueq/REL017-3.stdout,raw/mrs/ueq/REL017-3.stderr,f455ee6538bd0f7c7688e5c6db86e5bb7d443cda8c1a6ce1088847cb2b42a12b,8c9407bb9d9b10e5574bd85bfe7958d78654e09a031944da44f30ff0f3a630f9
casc-j13,ueq,REL019-1,mrs,180,Timeout,Unsatisfiable,unknown,178.432,15374,strategies=8 workers=8 strategy_ids=0:4;1:8;2:12;3:11;4:2;5:14;6:15;7:1 result=Timeout elapsed_ms=178241 timeout=8 saturated=0 processed=20026 generated=1198157 passive=84870 weight_discarded=1 lrs_discarded=1046057 fwd_subsumed=47336 shared_published=0 shared_imported=0,112.4,raw/mrs/ueq/REL019-1.stdout,raw/mrs/ueq/REL019-1.stderr,0583f0e07be12673e8ac17fd5b6f3511dc22b6aed2d2d234b7233b021f4bae5e,393a0ab48ee7260560bb8864685600a590d9159d6663e28d6aef0dd6c0b8c724
casc-j13,ueq,REL020-1,mrs,180,Timeout,Unsatisfiable,unknown,178.510,17422,strategies=8 workers=8 strategy_ids=0:4;1:8;2:12;3:11;4:2;5:14;6:15;7:1 result=Timeout elapsed_ms=178319 timeout=8 saturated=0 processed=19919 generated=1324466 passive=64611 weight_discarded=0 lrs_discarded=1184575 fwd_subsumed=55483 shared_published=0 shared_imported=0,111.7,raw/mrs/ueq/REL020-1.stdout,raw/mrs/ueq/REL020-1.stderr,c74cf92f1547d342d5d4650760d854efd43ecebf7147ff4a8965e29212599305,e19d64b9be59477c5324aea1a95daf879c03fbe6355a21161bc5567c515758d8
casc-j13,ueq,REL020-2,mrs,180,Timeout,Unsatisfiable,unknown,178.538,19470,strategies=8 workers=8 strategy_ids=0:4;1:8;2:12;3:11;4:2;5:14;6:15;7:1 result=Timeout elapsed_ms=178344 timeout=8 saturated=0 processed=19734 generated=1484838 passive=75252 weight_discarded=90 lrs_discarded=1338835 fwd_subsumed=51163 shared_published=0 shared_imported=0,110.7,raw/mrs/ueq/REL020-2.stdout,raw/mrs/ueq/REL020-2.stderr,71d4397a09105dfa11647de0e084095fca502d005a74f4ddeaa1c3a0551b1eba,9856e76e6ecb8ff89af0a87a28d65d480eb04e68895c9a48520c3af7b9d43e0a
casc-j13,ueq,REL021-1,mrs,180,Timeout,Unsatisfiable,unknown,178.470,15374,strategies=8 workers=8 strategy_ids=0:4;1:8;2:12;3:11;4:2;5:14;6:15;7:1 result=Timeout elapsed_ms=178292 timeout=8 saturated=0 processed=24785 generated=886230 passive=57087 weight_discarded=1 lrs_discarded=745400 fwd_subsumed=59082 shared_published=0 shared_imported=0,139.0,raw/mrs/ueq/REL021-1.stdout,raw/mrs/ueq/REL021-1.stderr,9751e5d9b35a93245c3fcfff130a8eafbda9ed2177b5bcc4d5a4eb6545e0d3a1,0f1dcb68c2df119bbc3822659758d33e6c6daf322e018920eb5b2e101b1a7920
casc-j13,ueq,REL022-1,mrs,180,Timeout,Unsatisfiable,unknown,178.479,13326,strategies=8 workers=8 strategy_ids=0:4;1:8;2:12;3:11;4:2;5:14;6:15;7:1 result=Timeout elapsed_ms=178296 timeout=8 saturated=0 processed=26977 generated=894225 passive=58776 weight_discarded=1 lrs_discarded=758616 fwd_subsumed=49981 shared_published=0 shared_imported=0,151.3,raw/mrs/ueq/REL022-1.stdout,raw/mrs/ueq/REL022-1.stderr,58ff273be7e9cb1ffe99ad8de4dcee4098017fb0dc31e76b73b6f1a1c64a6ae3,47d00178f6057917b2b8a1f70ce951da7ccca224f6956001b3b6c9537514dc68
casc-j13,ueq,REL022-2,mrs,180,Timeout,Unsatisfiable,unknown,178.416,13326,strategies=8 workers=8 strategy_ids=0:4;1:8;2:12;3:11;4:2;5:14;6:15;7:1 result=Timeout elapsed_ms=178237 timeout=8 saturated=0 processed=17262 generated=1126537 passive=70705 weight_discarded=46 lrs_discarded=995568 fwd_subsumed=43151 shared_published=0 shared_imported=0,96.8,raw/mrs/ueq/REL022-2.stdout,raw/mrs/ueq/REL022-2.stderr,a4519e53e9a88219c096ee06554d675345f6c8e09e5bd8571ac18b5f62bde520,c4ddbb1909abd449e5fae3b5fe8bf3e183c56de6837daeca7ed55bad813354c5
casc-j13,ueq,REL024-1,mrs,180,Unsatisfiable,Unsatisfiable,ok,.308,2125,strategies=8 workers=8 strategy_ids=0:4;1:8;2:12;3:11;4:2;5:14;6:15;7:1 result=Refutation elapsed_ms=211 timeout=7 saturated=0 processed=1051 generated=12725 passive=11313 weight_discarded=0 lrs_discarded=0 fwd_subsumed=472 shared_published=0 shared_imported=0 proof_nodes=83 proof_bytes=14486 proof_emitted=true,4981.0,raw/mrs/ueq/REL024-1.stdout,raw/mrs/ueq/REL024-1.stderr,c1e782c7e7e838bfc81d96031e9741e98e6261d937b46f0d2171d3638f0b072a,786b8ded3b9cd71d9cd3b718cef52972623cfa44ed0656d21c8227bcd1172e5a
casc-j13,ueq,REL024-2,mrs,180,Timeout,Unsatisfiable,unknown,178.445,13326,strategies=8 workers=8 strategy_ids=0:4;1:8;2:12;3:11;4:2;5:14;6:15;7:1 result=Timeout elapsed_ms=178301 timeout=8 saturated=0 processed=21856 generated=1121164 passive=73286 weight_discarded=222 lrs_discarded=983506 fwd_subsumed=42658 shared_published=0 shared_imported=0,122.6,raw/mrs/ueq/REL024-2.stdout,raw/mrs/ueq/REL024-2.stderr,5ca63d09553cdb2cdeceaa444c5f71ae7355640f73ada43f62daf564a3475a2b,72ae3265b112fda423883c81e95a2973e49b45c09e3c3192c38adbe2e3d46e3a
casc-j13,ueq,REL025-1,mrs,180,Timeout,Unsatisfiable,unknown,178.481,15374,strategies=8 workers=8 strategy_ids=0:4;1:8;2:12;3:11;4:2;5:14;6:15;7:1 result=Timeout elapsed_ms=178291 timeout=8 saturated=0 processed=30920 generated=844711 passive=47377 weight_discarded=0 lrs_discarded=708847 fwd_subsumed=57680 shared_published=0 shared_imported=0,173.4,raw/mrs/ueq/REL025-1.stdout,raw/mrs/ueq/REL025-1.stderr,7d612ae8886b4c0319a22aa222ea46943aff7fde6f55785047e743a94f1fb489,5ab6037c02b7303198560001a24b72a4a3b093b1aa135530a9e4b246c88cd704
casc-j13,ueq,REL026-1,mrs,180,Timeout,Unsatisfiable,unknown,178.377,13326,strategies=8 workers=8 strategy_ids=0:4;1:8;2:12;3:11;4:2;5:14;6:15;7:1 result=Timeout elapsed_ms=178201 timeout=8 saturated=0 processed=22082 generated=790194 passive=78006 weight_discarded=0 lrs_discarded=642357 fwd_subsumed=47869 shared_published=0 shared_imported=0,123.9,raw/mrs/ueq/REL026-1.stdout,raw/mrs/ueq/REL026-1.stderr,2585a3178971854d9bef6a34ef4a958fb20fb783c2706f9980f405dc80b3e97e,c3070ff2adecfdd8e549868d5a9debce35f4b64353fa021960d39b9ee4257149
casc-j13,ueq,REL026-3,mrs,180,Timeout,Unsatisfiable,unknown,178.380,13326,strategies=8 workers=8 strategy_ids=0:4;1:8;2:12;3:11;4:2;5:14;6:15;7:1 result=Timeout elapsed_ms=178205 timeout=8 saturated=0 processed=18905 generated=932408 passive=96719 weight_discarded=12 lrs_discarded=788840 fwd_subsumed=28090 shared_published=0 shared_imported=0,106.1,raw/mrs/ueq/REL026-3.stdout,raw/mrs/ueq/REL026-3.stderr,bceb5e7bff7ac7be98c6dddbf13a4d1af0378ecf6129a27de4e635423a55d6c5,3488fbe9df47967a0cf25007f149358fe644363d72047dc332bf83a854bcbe40
casc-j13,ueq,REL027-1,mrs,180,Timeout,Unsatisfiable,unknown,178.519,15374,strategies=8 workers=8 strategy_ids=0:4;1:8;2:12;3:11;4:2;5:14;6:15;7:1 result=Timeout elapsed_ms=178342 timeout=8 saturated=0 processed=25699 generated=1012575 passive=58797 weight_discarded=0 lrs_discarded=878908 fwd_subsumed=49297 shared_published=0 shared_imported=0,144.1,raw/mrs/ueq/REL027-1.stdout,raw/mrs/ueq/REL027-1.stderr,d315dc293570a05f0875d684add825e083bdd88659deca1936d74a0fd9de7cba,c97d6aace05d2edd8d328306370513727816a72c8e8c362b04d9af431db9813c
casc-j13,ueq,REL027-3,mrs,180,Timeout,Unsatisfiable,unknown,178.485,13326,strategies=8 workers=8 strategy_ids=0:4;1:8;2:12;3:11;4:2;5:14;6:15;7:1 result=Timeout elapsed_ms=178314 timeout=8 saturated=0 processed=24938 generated=1058966 passive=50374 weight_discarded=24 lrs_discarded=931942 fwd_subsumed=51863 shared_published=0 shared_imported=0,139.9,raw/mrs/ueq/REL027-3.stdout,raw/mrs/ueq/REL027-3.stderr,97725193fe577d3bb756b3863a02901bcf83342fbb090de9fa35a1ee874098c6,302f0375f082646c09d34db6eed53d0d0d53879942e1a53c9d3fe1345f4ca8bb
casc-j13,ueq,REL028-1,mrs,180,Timeout,Unsatisfiable,unknown,178.405,13326,strategies=8 workers=8 strategy_ids=0:4;1:8;2:12;3:11;4:2;5:14;6:15;7:1 result=Timeout elapsed_ms=178228 timeout=8 saturated=0 processed=23827 generated=855840 passive=81476 weight_discarded=1 lrs_discarded=695964 fwd_subsumed=54703 shared_published=0 shared_imported=0,133.7,raw/mrs/ueq/REL028-1.stdout,raw/mrs/ueq/REL028-1.stderr,fb214a7dedda0255a7c64771cac2e32acaa91633819462cff90bf09654f87465,27f7fae45bc0987775f5f0c6340cd0802c62400f8f283a4e2be728b16d5fb35a
casc-j13,ueq,REL029-1,mrs,180,Timeout,Unsatisfiable,unknown,178.424,15374,strategies=8 workers=8 strategy_ids=0:4;1:8;2:12;3:11;4:2;5:14;6:15;7:1 result=Timeout elapsed_ms=178238 timeout=8 saturated=0 processed=20606 generated=932884 passive=56590 weight_discarded=0 lrs_discarded=802325 fwd_subsumed=53502 shared_published=0 shared_imported=0,115.6,raw/mrs/ueq/REL029-1.stdout,raw/mrs/ueq/REL029-1.stderr,b1ca6217a831adccfe8e503fcc17e116ee8acb726a42e37c9f1f2ad990c914c3,f1d620229b1e0df9a98050862c2cca4146670258a17d7ca471e39bfddbf83ad8
casc-j13,ueq,REL029-10,mrs,180,Timeout,Unsatisfiable,unknown,178.436,15374,strategies=8 workers=8 strategy_ids=0:4;1:8;2:12;3:11;4:2;5:14;6:15;7:1 result=Timeout elapsed_ms=178256 timeout=8 saturated=0 processed=22042 generated=1189915 passive=70447 weight_discarded=10 lrs_discarded=1058403 fwd_subsumed=39199 shared_published=0 shared_imported=0,123.7,raw/mrs/ueq/REL029-10.stdout,raw/mrs/ueq/REL029-10.stderr,2972243b766df4500ba4e82c04c343149d842446b271d7a9e2769fdd52474e32,596f5d3eb50175a78effbcbefe8986e8b080c67ff2bfde3cc7c36d234477fd93
casc-j13,ueq,REL029-3,mrs,180,Timeout,Unsatisfiable,unknown,178.462,15374,strategies=8 workers=8 strategy_ids=0:4;1:8;2:12;3:11;4:2;5:14;6:15;7:1 result=Timeout elapsed_ms=178278 timeout=8 saturated=0 processed=21435 generated=1042903 passive=77009 weight_discarded=64 lrs_discarded=903876 fwd_subsumed=40746 shared_published=0 shared_imported=0,120.2,raw/mrs/ueq/REL029-3.stdout,raw/mrs/ueq/REL029-3.stderr,a32a085e4d41cd6ffb6429df776f291329e743747c760d5bbd4c314de7bc396c,52dc418cfd00ef8f19cd7b817897f7dc85fd154a2596d3fd7ff0382924b98b51
casc-j13,ueq,REL030-1,mrs,180,Timeout,Unsatisfiable,unknown,178.450,15374,strategies=8 workers=8 strategy_ids=0:4;1:8;2:12;3:11;4:2;5:14;6:15;7:1 result=Timeout elapsed_ms=178279 timeout=8 saturated=0 processed=26073 generated=971090 passive=74438 weight_discarded=0 lrs_discarded=833501 fwd_subsumed=37208 shared_published=0 shared_imported=0,146.2,raw/mrs/ueq/REL030-1.stdout,raw/mrs/ueq/REL030-1.stderr,755074f58b79cba5aec05e100ee7a1f1323dc3a4843f22cc91e36883d67ffc40,29ecd08fe40816e0e0817e57ebe5534b00916f5f11937aec449f0c788e0f2393
casc-j13,ueq,REL030-3,mrs,180,Timeout,Unsatisfiable,unknown,178.477,15374,strategies=8 workers=8 strategy_ids=0:4;1:8;2:12;3:11;4:2;5:14;6:15;7:1 result=Timeout elapsed_ms=178298 timeout=8 saturated=0 processed=22802 generated=1196704 passive=105763 weight_discarded=80 lrs_discarded=997312 fwd_subsumed=70982 shared_published=0 shared_imported=0,127.9,raw/mrs/ueq/REL030-3.stdout,raw/mrs/ueq/REL030-3.stderr,fb8628f5f97013371bcc314d70c4f7744801c6cc3ac20422f56499570d6c8afe,d56e7cab9d9f98ff9f01df3c1ded6aa54bafbe6577ffc8b709e7243ff1468ecb
casc-j13,ueq,REL031-1,mrs,180,Unsatisfiable,Unsatisfiable,ok,1.985,3085,strategies=8 workers=8 strategy_ids=0:4;1:8;2:12;3:11;4:2;5:14;6:15;7:1 result=Refutation elapsed_ms=1874 timeout=7 saturated=0 processed=3241 generated=74570 passive=68988 weight_discarded=0 lrs_discarded=0 fwd_subsumed=2482 shared_published=0 shared_imported=0 proof_nodes=62 proof_bytes=10117 proof_emitted=true,1729.5,raw/mrs/ueq/REL031-1.stdout,raw/mrs/ueq/REL031-1.stderr,8acdbc4313cecdf2f73df962b6a3452427e9955efd2b7b43f3f81b5a3c3263b6,40a37315477ba7eea569356763ab1be410b030b007e609d90c3cbbcf86c0f8cc
casc-j13,ueq,REL031-2,mrs,180,Timeout,Unsatisfiable,unknown,178.627,19471,strategies=8 workers=8 strategy_ids=0:4;1:8;2:12;3:11;4:2;5:14;6:15;7:1 result=Timeout elapsed_ms=178417 timeout=8 saturated=0 processed=24889 generated=1396388 passive=72626 weight_discarded=157 lrs_discarded=1262262 fwd_subsumed=36782 shared_published=0 shared_imported=0,139.5,raw/mrs/ueq/REL031-2.stdout,raw/mrs/ueq/REL031-2.stderr,70d2883ac4ff4277a27b3f657ab3cd0b851b4bd87056e1076ca8d65871d49231,31b7d7c17c62f5351fee8d2cc356e612a95bb1de5b3b29aa51f6c362fd4f645d
casc-j13,ueq,REL032-1,mrs,180,Timeout,Unsatisfiable,unknown,178.497,13326,strategies=8 workers=8 strategy_ids=0:4;1:8;2:12;3:11;4:2;5:14;6:15;7:1 result=Timeout elapsed_ms=178323 timeout=8 saturated=0 processed=22460 generated=1044802 passive=39964 weight_discarded=1 lrs_discarded=930394 fwd_subsumed=52101 shared_published=0 shared_imported=0,126.0,raw/mrs/ueq/REL032-1.stdout,raw/mrs/ueq/REL032-1.stderr,60cb5f5a21f0d46e21ad1b0a7ec08d433154642f09f3ccd70c148c66d3fe32f1,db7768c65c89d0cab32c89381a18a1199edb41c61621dc68e63d2fd2a1980533
casc-j13,ueq,REL032-2,mrs,180,Timeout,Unsatisfiable,unknown,178.534,15374,strategies=8 workers=8 strategy_ids=0:4;1:8;2:12;3:11;4:2;5:14;6:15;7:1 result=Timeout elapsed_ms=178338 timeout=8 saturated=0 processed=20654 generated=1342935 passive=65074 weight_discarded=36 lrs_discarded=1210719 fwd_subsumed=46629 shared_published=0 shared_imported=0,115.8,raw/mrs/ueq/REL032-2.stdout,raw/mrs/ueq/REL032-2.stderr,65438e2e649915479414705cc1230be4a378b07cbee4f5291244218e2f539530,a68733100060258ed5ef23687ede94b4a2f097000e911be8782b2354956e2d94
casc-j13,ueq,REL033-1,mrs,180,Timeout,Unsatisfiable,unknown,178.478,15374,strategies=8 workers=8 strategy_ids=0:4;1:8;2:12;3:11;4:2;5:14;6:15;7:1 result=Timeout elapsed_ms=178289 timeout=8 saturated=0 processed=20372 generated=1331707 passive=57813 weight_discarded=1 lrs_discarded=1199150 fwd_subsumed=54496 shared_published=0 shared_imported=0,114.3,raw/mrs/ueq/REL033-1.stdout,raw/mrs/ueq/REL033-1.stderr,4f2eef2c656ad767e131d4cd763dbac1b4203f1a623166e1c921a18a8f85a02e,c32473cf428b11b93ec6a88fce5fdbbbdff94ddc833b689476c6c43fa5b30299
casc-j13,ueq,REL034-1,mrs,180,Timeout,Unsatisfiable,unknown,178.472,13326,strategies=8 workers=8 strategy_ids=0:4;1:8;2:12;3:11;4:2;5:14;6:15;7:1 result=Timeout elapsed_ms=178301 timeout=8 saturated=0 processed=29127 generated=794370 passive=42210 weight_discarded=1 lrs_discarded=680226 fwd_subsumed=42937 shared_published=0 shared_imported=0,163.4,raw/mrs/ueq/REL034-1.stdout,raw/mrs/ueq/REL034-1.stderr,c3c1727e7a0b656507d1e4fbc4cc51941efb9c3752bbf2dfa001f312f1eb1c60,8891a61544148adde475f51a6325202848573d48dfc97d9692caf7941d2fa950
casc-j13,ueq,REL034-2,mrs,180,Timeout,Unsatisfiable,unknown,178.645,15374,strategies=8 workers=8 strategy_ids=0:4;1:8;2:12;3:11;4:2;5:14;6:15;7:1 result=Timeout elapsed_ms=178489 timeout=8 saturated=0 processed=21108 generated=1190824 passive=64168 weight_discarded=18 lrs_discarded=1062608 fwd_subsumed=43093 shared_published=0 shared_imported=0,118.3,raw/mrs/ueq/REL034-2.stdout,raw/mrs/ueq/REL034-2.stderr,ae166dbf85c767ac0a2db0fa66f237af87a3382889d0c0d01ed53fa92c75cd89,432846b7bca6a69fe4ba59c1876a26d3b69c1797a555fd6254fba4cba91843db
casc-j13,ueq,REL035-1,mrs,180,Timeout,Unsatisfiable,unknown,178.512,15374,strategies=8 workers=8 strategy_ids=0:4;1:8;2:12;3:11;4:2;5:14;6:15;7:1 result=Timeout elapsed_ms=178332 timeout=8 saturated=0 processed=21850 generated=1334567 passive=220829 weight_discarded=1 lrs_discarded=1035192 fwd_subsumed=56823 shared_published=0 shared_imported=0,122.5,raw/mrs/ueq/REL035-1.stdout,raw/mrs/ueq/REL035-1.stderr,9b16c650cd6df15dc23917d2fbfd8cbe34c8e65ef24d1b43cb80ad7e734b69a1,c30f02deb0136cc247692fd6fe35197ba68249351481de4f289d0839498507b7
casc-j13,ueq,REL035-2,mrs,180,Timeout,Unsatisfiable,unknown,178.507,17422,strategies=8 workers=8 strategy_ids=0:4;1:8;2:12;3:11;4:2;5:14;6:15;7:1 result=Timeout elapsed_ms=178346 timeout=8 saturated=0 processed=19331 generated=1425102 passive=109329 weight_discarded=229 lrs_discarded=1244938 fwd_subsumed=51656 shared_published=0 shared_imported=0,108.4,raw/mrs/ueq/REL035-2.stdout,raw/mrs/ueq/REL035-2.stderr,ac1e4e5ea22a2bc359df4a70f2dfab1c5a2b1f43547c8970d5a2a3406ad938b4,9addebed6872958968b8527d295ef05b2a440977a04815cddfd5d67a5769dda8
casc-j13,ueq,REL036-1,mrs,180,Timeout,Unsatisfiable,unknown,178.456,13326,strategies=8 workers=8 strategy_ids=0:4;1:8;2:12;3:11;4:2;5:14;6:15;7:1 result=Timeout elapsed_ms=178276 timeout=8 saturated=0 processed=28220 generated=879892 passive=50496 weight_discarded=1 lrs_discarded=754514 fwd_subsumed=46790 shared_published=0 shared_imported=0,158.3,raw/mrs/ueq/REL036-1.stdout,raw/mrs/ueq/REL036-1.stderr,e9e0f8bed4b17137a2952433309ce7b114d9410ef3fc213751be400aacca2e01,b8e7f54eaa12012f6c661a01b3a1e6d5564a96f8b3a660002d07a4be5295c4b3
casc-j13,ueq,REL036-2,mrs,180,Timeout,Unsatisfiable,unknown,178.577,15374,strategies=8 workers=8 strategy_ids=0:4;1:8;2:12;3:11;4:2;5:14;6:15;7:1 result=Timeout elapsed_ms=178394 timeout=8 saturated=0 processed=19415 generated=1378927 passive=99614 weight_discarded=13 lrs_discarded=1209210 fwd_subsumed=50841 shared_published=0 shared_imported=0,108.8,raw/mrs/ueq/REL036-2.stdout,raw/mrs/ueq/REL036-2.stderr,21bbb3ba4a4fc175452a366cc6ef4e98d81217c8bba6414e59bc77a816940a2a,565fb4d94209417a208f229692180e2ac6007e3f303bcbaedd51b040137ab35d
casc-j13,ueq,REL037-2,mrs,180,Timeout,Unsatisfiable,unknown,178.541,17422,strategies=8 workers=8 strategy_ids=0:4;1:8;2:12;3:11;4:2;5:14;6:15;7:1 result=Timeout elapsed_ms=178349 timeout=8 saturated=0 processed=20715 generated=1601586 passive=148104 weight_discarded=56 lrs_discarded=1372381 fwd_subsumed=60538 shared_published=0 shared_imported=0,116.1,raw/mrs/ueq/REL037-2.stdout,raw/mrs/ueq/REL037-2.stderr,115274349b5ca5adbc5fc3867b094d09ad97a1a7b9281bb55213b464487f5187,373bee0ab2f4beda2d0a4593dc14160446c1f3f763908b0d97873b91350d0d59
casc-j13,ueq,REL038-1,mrs,180,Timeout,Unsatisfiable,unknown,178.590,15374,strategies=8 workers=8 strategy_ids=0:4;1:8;2:12;3:11;4:2;5:14;6:15;7:1 result=Timeout elapsed_ms=178399 timeout=8 saturated=0 processed=24527 generated=990177 passive=72144 weight_discarded=1 lrs_discarded=841616 fwd_subsumed=52013 shared_published=0 shared_imported=0,137.5,raw/mrs/ueq/REL038-1.stdout,raw/mrs/ueq/REL038-1.stderr,b1fd6cf59c9c5a4808193b53998d395c74bbbc30112f4b44a17bab2ca181863a,f37b4ba0a94340e6564131e202d1c07bf45687222704034656d74a4415321d34
casc-j13,ueq,REL039-1,mrs,180,Timeout,Unsatisfiable,unknown,178.486,15374,strategies=8 workers=8 strategy_ids=0:4;1:8;2:12;3:11;4:2;5:14;6:15;7:1 result=Timeout elapsed_ms=178326 timeout=8 saturated=0 processed=26026 generated=1013632 passive=54947 weight_discarded=2 lrs_discarded=874777 fwd_subsumed=58012 shared_published=0 shared_imported=0,145.9,raw/mrs/ueq/REL039-1.stdout,raw/mrs/ueq/REL039-1.stderr,98e85464fa97c23471d746e9b35a9e4609e861ac2485e541350cf5b00584b948,80c37f7ba2d360f8467f802fec05efaa58826bb82df5182ba52a7cd9a703f2ea
casc-j13,ueq,REL040-1,mrs,180,Timeout,Unsatisfiable,unknown,178.489,15374,strategies=8 workers=8 strategy_ids=0:4;1:8;2:12;3:11;4:2;5:14;6:15;7:1 result=Timeout elapsed_ms=178296 timeout=8 saturated=0 processed=21892 generated=964877 passive=66552 weight_discarded=1 lrs_discarded=824917 fwd_subsumed=51646 shared_published=0 shared_imported=0,122.8,raw/mrs/ueq/REL040-1.stdout,raw/mrs/ueq/REL040-1.stderr,67200f89bf8b10cefe0e97be34d3fb34926aef5233a5de8510952cc5eae64a89,d89f97e970cf29698c8b8c7b5940577f3023ecb0d7b4539d1a1920f7e9f23364
casc-j13,ueq,REL040-10,mrs,180,Timeout,Unsatisfiable,unknown,178.456,15374,strategies=8 workers=8 strategy_ids=0:4;1:8;2:12;3:11;4:2;5:14;6:15;7:1 result=Timeout elapsed_ms=178295 timeout=8 saturated=0 processed=19543 generated=1155487 passive=74687 weight_discarded=30 lrs_discarded=1025771 fwd_subsumed=35655 shared_published=0 shared_imported=0,109.6,raw/mrs/ueq/REL040-10.stdout,raw/mrs/ueq/REL040-10.stderr,f2cb9bae393b413c9f163d8b3a4fecbcc4d8fad6f3440a1bb4d7a396d191bb7e,dda33ee4d23f60a8869de54c51c140ef0b1536ada1790d5108d3ec191fe38a86
casc-j13,ueq,REL040-3,mrs,180,Timeout,Unsatisfiable,unknown,178.599,15374,strategies=8 workers=8 strategy_ids=0:4;1:8;2:12;3:11;4:2;5:14;6:15;7:1 result=Timeout elapsed_ms=178410 timeout=8 saturated=0 processed=20388 generated=1011910 passive=89683 weight_discarded=12 lrs_discarded=871372 fwd_subsumed=30625 shared_published=0 shared_imported=0,114.3,raw/mrs/ueq/REL040-3.stdout,raw/mrs/ueq/REL040-3.stderr,db36fb6e21f4bc2803a3401072504a028212bdd9858ce8a2966b616e3fa253fe,f784632f62c6809b35638078fd6980b4a7f6da03c201b1141be3fcf934402d4a
casc-j13,ueq,REL041-1,mrs,180,Timeout,Unsatisfiable,unknown,178.527,15374,strategies=8 workers=8 strategy_ids=0:4;1:8;2:12;3:11;4:2;5:14;6:15;7:1 result=Timeout elapsed_ms=178343 timeout=8 saturated=0 processed=24434 generated=962882 passive=73604 weight_discarded=1 lrs_discarded=833497 fwd_subsumed=31476 shared_published=0 shared_imported=0,137.0,raw/mrs/ueq/REL041-1.stdout,raw/mrs/ueq/REL041-1.stderr,8e23c50d0b2a59bddd492823ae4b8b97c5931c1839a010a87bd4cffb7b58a869,ad773dbd84f8c48a99091fd56f46bbf20b9d31d3f7f6133f906fdb2f786c8b49
casc-j13,ueq,REL041-2,mrs,180,Timeout,Unsatisfiable,unknown,178.557,17422,strategies=8 workers=8 strategy_ids=0:4;1:8;2:12;3:11;4:2;5:14;6:15;7:1 result=Timeout elapsed_ms=178347 timeout=8 saturated=0 processed=20694 generated=1327881 passive=66624 weight_discarded=160 lrs_discarded=1200754 fwd_subsumed=39962 shared_published=0 shared_imported=0,116.0,raw/mrs/ueq/REL041-2.stdout,raw/mrs/ueq/REL041-2.stderr,ce38a92929bb3725eeaff2b53818d3188adfc5cc26335f94d118c491e52b4b1e,1866315532f8432bbe4d2374a7e0e3e7825f0eab7f259184f3bc900905886564
casc-j13,ueq,REL042-1,mrs,180,Unsatisfiable,Unsatisfiable,ok,.746,2125,strategies=8 workers=8 strategy_ids=0:4;1:8;2:12;3:11;4:2;5:14;6:15;7:1 result=Refutation elapsed_ms=642 timeout=7 saturated=0 processed=2210 generated=28376 passive=24971 weight_discarded=0 lrs_discarded=0 fwd_subsumed=1303 shared_published=0 shared_imported=0 proof_nodes=120 proof_bytes=20656 proof_emitted=true,3442.4,raw/mrs/ueq/REL042-1.stdout,raw/mrs/ueq/REL042-1.stderr,2c4e2235f3f9156f21b5cafb2b4070ec5de880729b15d697640f2f900179e84f,e37a4be5ec4de202b3a8629fa6f5d27dc3d3c0e4283dfc2edef0bfef9f62bff6
casc-j13,ueq,REL042-2,mrs,180,Unsatisfiable,Unsatisfiable,ok,1.605,2125,strategies=8 workers=8 strategy_ids=0:4;1:8;2:12;3:11;4:2;5:14;6:15;7:1 result=Refutation elapsed_ms=1529 timeout=6 saturated=0 processed=2822 generated=52347 passive=47707 weight_discarded=0 lrs_discarded=0 fwd_subsumed=1951 shared_published=0 shared_imported=0 proof_nodes=147 proof_bytes=25011 proof_emitted=true,1845.7,raw/mrs/ueq/REL042-2.stdout,raw/mrs/ueq/REL042-2.stderr,f11197fc0f3eb7d6189eadd522bcc5d9d4411b93448920f3d24cfe6020380931,11474c77d268026beff8032ee451ec89a5c916be3b866a840dae4736eae4c33a
casc-j13,ueq,REL043-1,mrs,180,Timeout,Unsatisfiable,unknown,178.528,15374,strategies=8 workers=8 strategy_ids=0:4;1:8;2:12;3:11;4:2;5:14;6:15;7:1 result=Timeout elapsed_ms=178351 timeout=8 saturated=0 processed=31561 generated=1026407 passive=39251 weight_discarded=1 lrs_discarded=897858 fwd_subsumed=57865 shared_published=0 shared_imported=0,177.0,raw/mrs/ueq/REL043-1.stdout,raw/mrs/ueq/REL043-1.stderr,81ea9d0f5503b08213f08f98fad256ed475be7c8969ece8c93bad0c5f4cc1a75,37bcdd4d25a5339ca37b37bdef4b4f6d9ec7f7aebed714e3406c58d1b038e027
casc-j13,ueq,REL043-2,mrs,180,Unsatisfiable,Unsatisfiable,ok,4.067,3085,strategies=8 workers=8 strategy_ids=0:4;1:8;2:12;3:11;4:2;5:14;6:15;7:1 result=Refutation elapsed_ms=3955 timeout=7 saturated=0 processed=4957 generated=104265 passive=94690 weight_discarded=136 lrs_discarded=0 fwd_subsumed=4766 shared_published=0 shared_imported=0 proof_nodes=188 proof_bytes=30019 proof_emitted=true,1253.4,raw/mrs/ueq/REL043-2.stdout,raw/mrs/ueq/REL043-2.stderr,7ce3ae7ec821f92a4740c970066e7a2e9b6de1282ea257232d1367023a11c5f1,8b4eb81c412134c6e1078475cec172ce09afe0dc82e48bcbbe047965aa2e0f77
casc-j13,ueq,REL044-1,mrs,180,Timeout,Unsatisfiable,unknown,178.643,19962,strategies=8 workers=8 strategy_ids=0:4;1:8;2:12;3:11;4:2;5:14;6:15;7:1 result=Timeout elapsed_ms=178436 timeout=8 saturated=0 processed=36199 generated=934682 passive=55337 weight_discarded=1 lrs_discarded=784393 fwd_subsumed=58882 shared_published=0 shared_imported=0,202.9,raw/mrs/ueq/REL044-1.stdout,raw/mrs/ueq/REL044-1.stderr,a7bdb1f6986a5f8928bef7e2d400c1b1e52d789e677ecaa7f20fb75490051ed1,e74471ce6b0350e4bd927323ebc554325649ecd630983b505154fd2613ec01b8
casc-j13,ueq,REL044-2,mrs,180,Unsatisfiable,Unsatisfiable,ok,5.399,3085,strategies=8 workers=8 strategy_ids=0:4;1:8;2:12;3:11;4:2;5:14;6:15;7:1 result=Refutation elapsed_ms=5288 timeout=7 saturated=0 processed=5152 generated=126556 passive=117073 weight_discarded=12 lrs_discarded=0 fwd_subsumed=4479 shared_published=0 shared_imported=0 proof_nodes=175 proof_bytes=28332 proof_emitted=true,974.3,raw/mrs/ueq/REL044-2.stdout,raw/mrs/ueq/REL044-2.stderr,3e6e12a1220130a88acebbfcd3e2d691f25163b61e4198e1350e018f5da50d8c,1200777b556bdc7d08dd10a2fda2428271d522ef5518b18e2b933a96d76085de
casc-j13,ueq,REL045-1,mrs,180,Timeout,Unsatisfiable,unknown,178.556,13326,strategies=8 workers=8 strategy_ids=0:4;1:8;2:12;3:11;4:2;5:14;6:15;7:1 result=Timeout elapsed_ms=178372 timeout=8 saturated=0 processed=29114 generated=860089 passive=55003 weight_discarded=0 lrs_discarded=721871 fwd_subsumed=54213 shared_published=0 shared_imported=0,163.2,raw/mrs/ueq/REL045-1.stdout,raw/mrs/ueq/REL045-1.stderr,923aaa4529317d2f500f50a9e8b4d2cd7a7630ee821cbd254c8e7af00b40cf5d,6c6c88d413af2c36848fde8782f18914bc382398380e34aa0027328f3491c4c0
casc-j13,ueq,REL045-2,mrs,180,Unsatisfiable,Unsatisfiable,ok,16.121,5133,strategies=8 workers=8 strategy_ids=0:4;1:8;2:12;3:11;4:2;5:14;6:15;7:1 result=Refutation elapsed_ms=15995 timeout=7 saturated=0 processed=7271 generated=269560 passive=175444 weight_discarded=12 lrs_discarded=79903 fwd_subsumed=7071 shared_published=0 shared_imported=0 proof_nodes=178 proof_bytes=28983 proof_emitted=true,454.6,raw/mrs/ueq/REL045-2.stdout,raw/mrs/ueq/REL045-2.stderr,7fe979278b72583ac64c2fa6046ddd0e12d0b4d7f7b2f9e93f56f3696064616b,8a3f82a8c38c9317f29367c9ae78d114d5d46ea3a39ca1cc734f9bb15ace9e80
casc-j13,ueq,REL050-1,mrs,180,Unsatisfiable,Unsatisfiable,ok,1.252,2125,strategies=8 workers=8 strategy_ids=0:4;1:8;2:12;3:11;4:2;5:14;6:15;7:1 result=Refutation elapsed_ms=1183 timeout=7 saturated=0 processed=3080 generated=48016 passive=42433 weight_discarded=0 lrs_discarded=0 fwd_subsumed=2604 shared_published=0 shared_imported=0 proof_nodes=202 proof_bytes=33458 proof_emitted=true,2603.6,raw/mrs/ueq/REL050-1.stdout,raw/mrs/ueq/REL050-1.stderr,be829dd6b8f5477502d37ea72fd5a0975484cba6ef3262cb4eba8c31d0494bd9,c75b5d84dc3c280afa6b32791d849ce3d43b360bc28e7392a84a457994e83a4a
casc-j13,ueq,REL050-3,mrs,180,Unsatisfiable,Unsatisfiable,ok,1.861,2125,strategies=8 workers=8 strategy_ids=0:4;1:8;2:12;3:11;4:2;5:14;6:15;7:1 result=Refutation elapsed_ms=1748 timeout=7 saturated=0 processed=3074 generated=58822 passive=53008 weight_discarded=12 lrs_discarded=0 fwd_subsumed=2866 shared_published=0 shared_imported=0 proof_nodes=207 proof_bytes=32608 proof_emitted=true,1758.6,raw/mrs/ueq/REL050-3.stdout,raw/mrs/ueq/REL050-3.stderr,951478a161bd7ad92af636a0b27fc59d3582bb34c33b6f6ff86ae1c076a92593,8dbfb44fd51c143e1ffd616a3c726aac1d00812e91ebd98f297d16132e32c09f
casc-j13,ueq,RNG001-10,mrs,180,GaveUp,Unsatisfiable,unknown,178.412,15374,strategies=8 workers=8 strategy_ids=0:4;1:8;2:12;3:11;4:2;5:14;6:15;7:1 result=GaveUp elapsed_ms=178264 timeout=7 saturated=0 processed=15792 generated=858902 passive=102204 weight_discarded=0 lrs_discarded=680407 fwd_subsumed=60679 shared_published=0 shared_imported=0,88.6,raw/mrs/ueq/RNG001-10.stdout,raw/mrs/ueq/RNG001-10.stderr,b93552eb6c91be3a30e2a4fd2fa0dfe709953942bfc1626587a3bd0c43c77da4,968568776d895bf8dc04fe150abc92c2a259c6e8cbd60a90d825cb68db499d88
casc-j13,ueq,RNG004-10,mrs,180,Timeout,Unsatisfiable,unknown,178.341,11278,strategies=8 workers=8 strategy_ids=0:4;1:8;2:12;3:11;4:2;5:14;6:15;7:1 result=Timeout elapsed_ms=178204 timeout=8 saturated=0 processed=15455 generated=930678 passive=101287 weight_discarded=0 lrs_discarded=777872 fwd_subsumed=36239 shared_published=0 shared_imported=0,86.7,raw/mrs/ueq/RNG004-10.stdout,raw/mrs/ueq/RNG004-10.stderr,45de41bb97af9e9632038df0f012015efdf5884ad261ecdd0fff999c6a9b2083,8cc7ac79a1cc72715eef1589c56a1197ae46a995fe787568d91c56b5c760db89
casc-j13,ueq,RNG006-10,mrs,180,Unsatisfiable,Unsatisfiable,ok,12.836,3085,strategies=8 workers=8 strategy_ids=0:4;1:8;2:12;3:11;4:2;5:14;6:15;7:1 result=Refutation elapsed_ms=12722 timeout=7 saturated=0 processed=6176 generated=172806 passive=148258 weight_discarded=0 lrs_discarded=6402 fwd_subsumed=12160 shared_published=0 shared_imported=0 proof_nodes=71 proof_bytes=11829 proof_emitted=true,485.5,raw/mrs/ueq/RNG006-10.stdout,raw/mrs/ueq/RNG006-10.stderr,0257470dd5ba3f987290b69bd7043ea2fc52fab4457693efbfe78bef75670097,6e2511133851fac0d13d21272779d62d9af1ab19ae105def6c4d315dc90a1db2
casc-j13,ueq,RNG009-5,mrs,180,Unsatisfiable,Unsatisfiable,ok,3.225,3085,strategies=8 workers=8 strategy_ids=0:4;1:8;2:12;3:11;4:2;5:14;6:15;7:1 result=Refutation elapsed_ms=3112 timeout=7 saturated=0 processed=2519 generated=74061 passive=68442 weight_discarded=15 lrs_discarded=0 fwd_subsumed=3159 shared_published=0 shared_imported=0 proof_nodes=134 proof_bytes=23613 proof_emitted=true,809.4,raw/mrs/ueq/RNG009-5.stdout,raw/mrs/ueq/RNG009-5.stderr,a0008ccb36dd581f9de075d4eab8ac51e94b52625165573c8899766d7f4612dd,16cdad4a277615f1863e4f5a78a52bcaf5b881fadcbf1b2666893d4735d5dcee
casc-j13,ueq,RNG009-7,mrs,180,Unsatisfiable,Unsatisfiable,ok,23.731,5133,strategies=8 workers=8 strategy_ids=0:4;1:8;2:12;3:11;4:2;5:14;6:15;7:1 result=Refutation elapsed_ms=23593 timeout=7 saturated=0 processed=8235 generated=270267 passive=107908 weight_discarded=1025 lrs_discarded=149336 fwd_subsumed=4871 shared_published=0 shared_imported=0 proof_nodes=183 proof_bytes=34443 proof_emitted=true,349.0,raw/mrs/ueq/RNG009-7.stdout,raw/mrs/ueq/RNG009-7.stderr,e53f3367c8ebf4884d3b2b1f44d9e7cd07a5a3684024b00e454808b84aa19a4e,33efdd76bb2396b801408a2bff6ef884cf11e792ed9e24aa65a3fc2f46fea605
casc-j13,ueq,RNG019-7,mrs,180,Timeout,Unsatisfiable,unknown,178.508,13326,strategies=8 workers=8 strategy_ids=0:4;1:8;2:12;3:11;4:2;5:14;6:15;7:1 result=Timeout elapsed_ms=178311 timeout=8 saturated=0 processed=7859 generated=1603936 passive=243808 weight_discarded=7 lrs_discarded=1347325 fwd_subsumed=5131 shared_published=0 shared_imported=0,44.1,raw/mrs/ueq/RNG019-7.stdout,raw/mrs/ueq/RNG019-7.stderr,a935cd3a2ef1d69775aa9703e75fddea73eee3bd9b461511290982049941892d,dd6d64405ab5e8f48ab8bf0e405c39d9cd52c015e8a5ffd230d6f9ce319d1db3
casc-j13,ueq,RNG020-7,mrs,180,Timeout,Unsatisfiable,unknown,178.530,15374,strategies=8 workers=8 strategy_ids=0:4;1:8;2:12;3:11;4:2;5:14;6:15;7:1 result=Timeout elapsed_ms=178326 timeout=8 saturated=0 processed=8824 generated=1543860 passive=161854 weight_discarded=8 lrs_discarded=1366360 fwd_subsumed=7009 shared_published=0 shared_imported=0,49.5,raw/mrs/ueq/RNG020-7.stdout,raw/mrs/ueq/RNG020-7.stderr,bd774340ab4b6efd4185dca1e86613fce96d04afac31abf806d330706d2768d9,6e2fe4ddbcc1b929e207b637df6168271a1c328ae253d726b22b03db7bb511eb
casc-j13,ueq,RNG021-6,mrs,180,Timeout,Unsatisfiable,unknown,178.485,15374,strategies=8 workers=8 strategy_ids=0:4;1:8;2:12;3:11;4:2;5:14;6:15;7:1 result=Timeout elapsed_ms=178295 timeout=8 saturated=0 processed=7074 generated=1639589 passive=199196 weight_discarded=4548 lrs_discarded=1423397 fwd_subsumed=10053 shared_published=0 shared_imported=0,39.7,raw/mrs/ueq/RNG021-6.stdout,raw/mrs/ueq/RNG021-6.stderr,284424ddb5f9fa9263e7503a9c4b5c45b11184502dba0db4494bad2122e3b3f2,407838d24777af27c509b3c34f7936f3809410fcba24796e480338956ae694a6
casc-j13,ueq,RNG021-7,mrs,180,Timeout,Unsatisfiable,unknown,178.501,15374,strategies=8 workers=8 strategy_ids=0:4;1:8;2:12;3:11;4:2;5:14;6:15;7:1 result=Timeout elapsed_ms=178302 timeout=8 saturated=0 processed=9158 generated=1623468 passive=251762 weight_discarded=29 lrs_discarded=1355974 fwd_subsumed=6761 shared_published=0 shared_imported=0,51.4,raw/mrs/ueq/RNG021-7.stdout,raw/mrs/ueq/RNG021-7.stderr,2f682f2df38cd39dcbd646516ccd939811df74ab407dc8625c5ed7a808a78c55,4d0c11c28310d5a3b39003a7da6bd9f9aa56686fbd78aa88ca9c9e561cbaf996
casc-j13,ueq,RNG025-4,mrs,180,Timeout,Unsatisfiable,unknown,178.634,18202,strategies=8 workers=8 strategy_ids=0:4;1:8;2:12;3:11;4:2;5:14;6:15;7:1 result=Timeout elapsed_ms=178432 timeout=8 saturated=0 processed=8083 generated=1332154 passive=86298 weight_discarded=4917 lrs_discarded=1231224 fwd_subsumed=6672 shared_published=0 shared_imported=0,45.3,raw/mrs/ueq/RNG025-4.stdout,raw/mrs/ueq/RNG025-4.stderr,d99e3894fb6ab062007806f06f71d371770095615710de2406c23c90e14577a3,b90aa96903e581b8cf28a3b0340da0f771f3c1a3b84050b5cb076fa072464e29
casc-j13,ueq,RNG025-6,mrs,180,Timeout,Unsatisfiable,unknown,178.618,16154,strategies=8 workers=8 strategy_ids=0:4;1:8;2:12;3:11;4:2;5:14;6:15;7:1 result=Timeout elapsed_ms=178436 timeout=8 saturated=0 processed=8040 generated=1292489 passive=88865 weight_discarded=4739 lrs_discarded=1189174 fwd_subsumed=6527 shared_published=0 shared_imported=0,45.1,raw/mrs/ueq/RNG025-6.stdout,raw/mrs/ueq/RNG025-6.stderr,8924ee3ccd750d3c757b67ec35e31517d06b123353504c3e3faed5b293eeed26,0b4a23a0fe3d84c1f469f2b1af5a7703875d17b58d224f82d92f74489db7a0ed
casc-j13,ueq,RNG025-7,mrs,180,Timeout,Unsatisfiable,unknown,178.500,19470,strategies=8 workers=8 strategy_ids=0:4;1:8;2:12;3:11;4:2;5:14;6:15;7:1 result=Timeout elapsed_ms=178297 timeout=8 saturated=0 processed=7553 generated=1351851 passive=327371 weight_discarded=17 lrs_discarded=1010927 fwd_subsumed=6173 shared_published=0 shared_imported=0,42.4,raw/mrs/ueq/RNG025-7.stdout,raw/mrs/ueq/RNG025-7.stderr,036f1395b6a7b25055954f5fbc24edb091d87e70e50cfade0e886e48e1686259,5626836921915db661f45a68aeb00190958b0105fdeb005e139d339ff4585e39
casc-j13,ueq,RNG026-7,mrs,180,Timeout,Unsatisfiable,unknown,178.554,19470,strategies=8 workers=8 strategy_ids=0:4;1:8;2:12;3:11;4:2;5:14;6:15;7:1 result=Timeout elapsed_ms=178339 timeout=8 saturated=0 processed=13976 generated=1572389 passive=231229 weight_discarded=5 lrs_discarded=1312303 fwd_subsumed=15095 shared_published=0 shared_imported=0,78.4,raw/mrs/ueq/RNG026-7.stdout,raw/mrs/ueq/RNG026-7.stderr,3a2f6c79e7f8e6d34e554e4ec1b463c285140af47647487819379080c4741b21,3d263f233fd68d26d4c2218094456229c572564b08aa4dfe0ce1a0256cd25c7e
casc-j13,ueq,RNG027-10,mrs,180,Timeout,Unsatisfiable,unknown,178.648,21519,strategies=8 workers=8 strategy_ids=0:4;1:8;2:12;3:11;4:2;5:14;6:15;7:1 result=Timeout elapsed_ms=178434 timeout=8 saturated=0 processed=20345 generated=1448590 passive=67133 weight_discarded=5848 lrs_discarded=1310722 fwd_subsumed=50579 shared_published=0 shared_imported=0,114.0,raw/mrs/ueq/RNG027-10.stdout,raw/mrs/ueq/RNG027-10.stderr,ad68aef78e892fb3cd902a0160c241895b8211ae7b85967adbb0921c531c2124,455809689f2f43c8a9485d3bc0d133d7ad2bacc2f3ac6831f83b0311793c991f
casc-j13,ueq,RNG027-5,mrs,180,Timeout,Unsatisfiable,unknown,178.551,15374,strategies=8 workers=8 strategy_ids=0:4;1:8;2:12;3:11;4:2;5:14;6:15;7:1 result=Timeout elapsed_ms=178341 timeout=8 saturated=0 processed=9251 generated=1790453 passive=118938 weight_discarded=3712 lrs_discarded=1652634 fwd_subsumed=9764 shared_published=0 shared_imported=0,51.9,raw/mrs/ueq/RNG027-5.stdout,raw/mrs/ueq/RNG027-5.stderr,1b702c307c888c4ef321f92d63d8b25c6e9feb579954060eeae2486f5696c252,673675e18e09017cefd2554143ff35346ce6dcd5bbcc247db9f713a0178474b3
casc-j13,ueq,RNG027-7,mrs,180,Timeout,Unsatisfiable,unknown,178.567,17422,strategies=8 workers=8 strategy_ids=0:4;1:8;2:12;3:11;4:2;5:14;6:15;7:1 result=Timeout elapsed_ms=178352 timeout=8 saturated=0 processed=12301 generated=1512524 passive=240303 weight_discarded=3397 lrs_discarded=1251999 fwd_subsumed=8111 shared_published=0 shared_imported=0,69.0,raw/mrs/ueq/RNG027-7.stdout,raw/mrs/ueq/RNG027-7.stderr,0e009bb8551a457e2ca5e56970d9f605bbd20660f31fb083b91e43b24cd1f1e0,a59d1390f96f9e1e407f6ce6dca128d2927e6e865a50d6f3706d83f188b315ac
casc-j13,ueq,RNG027-8,mrs,180,Timeout,Unsatisfiable,unknown,178.517,15374,strategies=8 workers=8 strategy_ids=0:4;1:8;2:12;3:11;4:2;5:14;6:15;7:1 result=Timeout elapsed_ms=178320 timeout=8 saturated=0 processed=7813 generated=1758760 passive=98060 weight_discarded=5057 lrs_discarded=1643595 fwd_subsumed=9420 shared_published=0 shared_imported=0,43.8,raw/mrs/ueq/RNG027-8.stdout,raw/mrs/ueq/RNG027-8.stderr,403c4f4af9f3a0ffb289bac89b1837aa0db5b89feedf4253a154da767b8c1401,889b9b9f765ac1d167d7c3c4702f48514ff005a1cb298a54ac63e6e7cdfe3c78
casc-j13,ueq,RNG027-9,mrs,180,Timeout,Unsatisfiable,unknown,178.500,15374,strategies=8 workers=8 strategy_ids=0:4;1:8;2:12;3:11;4:2;5:14;6:15;7:1 result=Timeout elapsed_ms=178296 timeout=8 saturated=0 processed=10676 generated=1596984 passive=167109 weight_discarded=1810 lrs_discarded=1410318 fwd_subsumed=9065 shared_published=0 shared_imported=0,59.9,raw/mrs/ueq/RNG027-9.stdout,raw/mrs/ueq/RNG027-9.stderr,a8fa9bb56240a0a7b2ecd1c2d7d9b72ff87c2570eb8ab6dda349deab62756396,2cc8e7293b707fe2e6a3402a9fe1ddf0526d54af18a2805de6a05bd9d1ef852d
casc-j13,ueq,RNG028-5,mrs,180,Timeout,Unsatisfiable,unknown,181.926,15374,strategies=8 workers=8 strategy_ids=0:4;1:8;2:12;3:11;4:2;5:14;6:15;7:1 result=Timeout elapsed_ms=181824 timeout=8 saturated=0 processed=7594 generated=1523938 passive=142211 weight_discarded=5899 lrs_discarded=1367208 fwd_subsumed=7056 shared_published=0 shared_imported=0,41.8,raw/mrs/ueq/RNG028-5.stdout,raw/mrs/ueq/RNG028-5.stderr,014c5620c37d778d321d2325b35106d83943eb7864d1528ee7419a4ec3f3c912,bdf4805d770e75182143b2c98e28c07bbf6931e8cf8f52d6718abd13a6c34599
casc-j13,ueq,RNG028-7,mrs,180,Timeout,Unsatisfiable,unknown,178.605,17422,strategies=8 workers=8 strategy_ids=0:4;1:8;2:12;3:11;4:2;5:14;6:15;7:1 result=Timeout elapsed_ms=178408 timeout=8 saturated=0 processed=13887 generated=1569300 passive=207580 weight_discarded=241 lrs_discarded=1338075 fwd_subsumed=9947 shared_published=0 shared_imported=0,77.8,raw/mrs/ueq/RNG028-7.stdout,raw/mrs/ueq/RNG028-7.stderr,80386acd1260af6f84b449a992169ae0d28319f29a59e361c1a7a683406a4319,f7fffedc45860af9a5dd16e7217456c064227c08ca19196989289109d8453723
casc-j13,ueq,RNG028-8,mrs,180,Timeout,Unsatisfiable,unknown,178.511,15374,strategies=8 workers=8 strategy_ids=0:4;1:8;2:12;3:11;4:2;5:14;6:15;7:1 result=Timeout elapsed_ms=178324 timeout=8 saturated=0 processed=7266 generated=1581361 passive=123524 weight_discarded=7617 lrs_discarded=1443188 fwd_subsumed=7511 shared_published=0 shared_imported=0,40.7,raw/mrs/ueq/RNG028-8.stdout,raw/mrs/ueq/RNG028-8.stderr,fc1ec325fddf82728a695f99db83e3de7a1bbd6dc1d859352b76a19d2dd40a03,c2347c5a6b636e593d7cd1549c4b23fbfdbc65696e305d731dca2c94639ab61f
casc-j13,ueq,RNG029-5,mrs,180,Timeout,Unsatisfiable,unknown,178.521,15374,strategies=8 workers=8 strategy_ids=0:4;1:8;2:12;3:11;4:2;5:14;6:15;7:1 result=Timeout elapsed_ms=178314 timeout=8 saturated=0 processed=9263 generated=1763846 passive=133578 weight_discarded=5114 lrs_discarded=1611215 fwd_subsumed=9923 shared_published=0 shared_imported=0,51.9,raw/mrs/ueq/RNG029-5.stdout,raw/mrs/ueq/RNG029-5.stderr,0c103bd336743fc6fca34ac62e63ed244042c04030c24beaeddc58ee2847ed9c,8cf7fc5eaa8207d75a5e4ca792e5c9fc83b5413a6b76451db1daee32d89023b5
casc-j13,ueq,RNG029-6,mrs,180,Timeout,Unsatisfiable,unknown,178.508,15374,strategies=8 workers=8 strategy_ids=0:4;1:8;2:12;3:11;4:2;5:14;6:15;7:1 result=Timeout elapsed_ms=178291 timeout=8 saturated=0 processed=9223 generated=1729296 passive=147202 weight_discarded=5185 lrs_discarded=1563238 fwd_subsumed=9767 shared_published=0 shared_imported=0,51.7,raw/mrs/ueq/RNG029-6.stdout,raw/mrs/ueq/RNG029-6.stderr,e8035c1433039d3b50d67fd9b36a5e85882a9bbefe7e533ef8728d9a2c94bf33,34528d415d3a625fffeab2c6c2656c939bb4bbe9f1a6e010969f83e68c5fd258
casc-j13,ueq,RNG029-7,mrs,180,Timeout,Unsatisfiable,unknown,178.482,13326,strategies=8 workers=8 strategy_ids=0:4;1:8;2:12;3:11;4:2;5:14;6:15;7:1 result=Timeout elapsed_ms=178300 timeout=8 saturated=0 processed=13575 generated=1447354 passive=170143 weight_discarded=62 lrs_discarded=1251431 fwd_subsumed=12393 shared_published=0 shared_imported=0,76.1,raw/mrs/ueq/RNG029-7.stdout,raw/mrs/ueq/RNG029-7.stderr,be6abb5a6c6cd4c5df8d67f217c22eedc3f7cae88732f5e53c3d38e9e99d59d4,f55563aaba7743556faf0dd3fd7eac97fbbd6938112de3ffeb90d20f6d5d07f1
casc-j13,ueq,RNG035-7,mrs,180,Timeout,Unsatisfiable,unknown,178.744,17423,strategies=8 workers=8 strategy_ids=0:4;1:8;2:12;3:11;4:2;5:14;6:15;7:1 result=Timeout elapsed_ms=178518 timeout=8 saturated=0 processed=14320 generated=1158325 passive=98749 weight_discarded=8174 lrs_discarded=1026051 fwd_subsumed=19294 shared_published=0 shared_imported=0,80.2,raw/mrs/ueq/RNG035-7.stdout,raw/mrs/ueq/RNG035-7.stderr,d156d496ad942df2827cb68795c13a73777b60ce770a248441db2617a8394c69,bd18237403925c31b351f79fd31c4917b41c53df76eaa7f2c8dcce9ac6bb01a2
casc-j13,ueq,RNG130-1,mrs,180,GaveUp,Unsatisfiable,unknown,180.634,37198,strategies=8 workers=8 strategy_ids=0:4;1:8;2:12;3:11;4:2;5:14;6:15;7:1 result=GaveUp elapsed_ms=180482 timeout=7 saturated=0 processed=17603 generated=513783 passive=99786 weight_discarded=154 lrs_discarded=392436 fwd_subsumed=4070 shared_published=0 shared_imported=0,97.5,raw/mrs/ueq/RNG130-1.stdout,raw/mrs/ueq/RNG130-1.stderr,3db2cf455d911c9a8c5bddb81d92046b996f59c83aa666437be4bcb65c3471d7,bc1bf2b26e69277777ac27d1d54995feb357d0766efdced891935e8b8b7c3a07
casc-j13,ueq,RNG131-1,mrs,180,GaveUp,Unsatisfiable,unknown,178.358,8206,strategies=8 workers=8 strategy_ids=0:4;1:8;2:12;3:11;4:2;5:14;6:15;7:1 result=GaveUp elapsed_ms=178187 timeout=7 saturated=0 processed=18102 generated=569357 passive=49942 weight_discarded=42 lrs_discarded=498929 fwd_subsumed=2484 shared_published=0 shared_imported=0,101.6,raw/mrs/ueq/RNG131-1.stdout,raw/mrs/ueq/RNG131-1.stderr,7a379b4f57a8d2846d674dd52b92db296dd130d3f4d4016667d3b7ca88b45e77,e05b47525a29ef30976ccc83c7ea26eb154193c75ecd9afd735115945fc73127
casc-j13,ueq,ROB006-1,mrs,180,Timeout,Unsatisfiable,unknown,179.338,56188,strategies=8 workers=8 strategy_ids=0:4;1:8;2:12;3:11;4:2;5:14;6:15;7:1 result=Timeout elapsed_ms=179153 timeout=8 saturated=0 processed=3755 generated=853674 passive=203049 weight_discarded=67314 lrs_discarded=645329 fwd_subsumed=1587 shared_published=0 shared_imported=0,21.0,raw/mrs/ueq/ROB006-1.stdout,raw/mrs/ueq/ROB006-1.stderr,308b30b69d81e709458d0e980809ca11a138c00ac61a7346994efea2b90c0fd1,5d5f4453fc60ead4631f4af88413a89cb5e504e7443361470b7cb08f9cd7abeb
casc-j13,ueq,ROB006-2,mrs,180,Timeout,Unsatisfiable,unknown,181.557,44191,strategies=8 workers=8 strategy_ids=0:4;1:8;2:12;3:11;4:2;5:14;6:15;7:1 result=Timeout elapsed_ms=181460 timeout=8 saturated=0 processed=1763 generated=626559 passive=181599 weight_discarded=144770 lrs_discarded=442227 fwd_subsumed=993 shared_published=0 shared_imported=0,9.7,raw/mrs/ueq/ROB006-2.stdout,raw/mrs/ueq/ROB006-2.stderr,1fb7c7323f07af5d86daf8eb9a7543d498a922b0aea77e0cd3aa758e3bf2e610,0111969ca98923fd5f2a333c202f6657b6879f7361b6c3fa5373a984885f4adf
casc-j13,ueq,ROB015-10,mrs,180,Timeout,Unsatisfiable,unknown,180.967,63880,strategies=8 workers=8 strategy_ids=0:4;1:8;2:12;3:11;4:2;5:14;6:15;7:1 result=Timeout elapsed_ms=180860 timeout=8 saturated=0 processed=6815 generated=1083346 passive=131312 weight_discarded=12875 lrs_discarded=943232 fwd_subsumed=2142 shared_published=0 shared_imported=0,37.7,raw/mrs/ueq/ROB015-10.stdout,raw/mrs/ueq/ROB015-10.stderr,c2ff06b1b8512f12937191d0f6c490da4e6a3be3e98b3f0c64cadb2454a0da09,e957128ca9b0babdf0a899ff7f940f20b3a41fd2c1379c3080123b39ee63925f
casc-j13,ueq,ROB018-10,mrs,180,Timeout,Unsatisfiable,unknown,179.097,47707,strategies=8 workers=8 strategy_ids=0:4;1:8;2:12;3:11;4:2;5:14;6:15;7:1 result=Timeout elapsed_ms=178904 timeout=8 saturated=0 processed=5220 generated=895358 passive=174040 weight_discarded=8594 lrs_discarded=714012 fwd_subsumed=2190 shared_published=0 shared_imported=0,29.2,raw/mrs/ueq/ROB018-10.stdout,raw/mrs/ueq/ROB018-10.stderr,372dcd01a90a17da75545b2640e18a2ea915942589227ce7cb2bc408f4a8ca84,ee7a0f42eb1fa65229f72d823069faaca1810f46ab9e022f5cd6cb9752387f31
casc-j13,ueq,ROB026-1,mrs,180,Timeout,Unsatisfiable,unknown,179.138,49899,strategies=8 workers=8 strategy_ids=0:4;1:8;2:12;3:11;4:2;5:14;6:15;7:1 result=Timeout elapsed_ms=178952 timeout=8 saturated=0 processed=3709 generated=823857 passive=171840 weight_discarded=63411 lrs_discarded=646778 fwd_subsumed=1575 shared_published=0 shared_imported=0,20.7,raw/mrs/ueq/ROB026-1.stdout,raw/mrs/ueq/ROB026-1.stderr,2593a354d6abbb25f7e8e59ea8e900549e2454eb7ed498b9f956f1dabd620477,0e20d888214b035cd787b484d10bd763f389f6342b130f44846f1e5f259e7bdf
casc-j13,ueq,ROB031-2,mrs,180,Timeout,Unsatisfiable,unknown,179.264,48288,strategies=8 workers=8 strategy_ids=0:4;1:8;2:12;3:11;4:2;5:14;6:15;7:1 result=Timeout elapsed_ms=179093 timeout=8 saturated=0 processed=5425 generated=516253 passive=70307 weight_discarded=14606 lrs_discarded=436515 fwd_subsumed=4037 shared_published=0 shared_imported=0,30.3,raw/mrs/ueq/ROB031-2.stdout,raw/mrs/ueq/ROB031-2.stderr,59d0af480eadd94932a34589b44b04ba940e6e3e6bdad38a11eed6a3294241dc,8fa6fd72f8a7a323d00c422cce24867a2df236441c2b3dfa1d648e9b8e3fa7f6
casc-j13,ueq,ROB035-1,mrs,180,Timeout,Unsatisfiable,unknown,179.005,45143,strategies=8 workers=8 strategy_ids=0:4;1:8;2:12;3:11;4:2;5:14;6:15;7:1 result=Timeout elapsed_ms=178790 timeout=8 saturated=0 processed=5408 generated=551092 passive=83485 weight_discarded=17820 lrs_discarded=457717 fwd_subsumed=4513 shared_published=0 shared_imported=0,30.2,raw/mrs/ueq/ROB035-1.stdout,raw/mrs/ueq/ROB035-1.stderr,c258c7a1b2821b1bc4e7e54acdc81f52f4f94b6d7930bbca97db4c100329c512,3975107ffa5d5b38a13f9195bb91512f2497e99285db7facb206dd707aa29e40
casc-j13,ueq,SWV234-10,mrs,180,Timeout,Unsatisfiable,unknown,178.540,13326,strategies=8 workers=8 strategy_ids=0:4;1:8;2:12;3:11;4:2;5:14;6:15;7:1 result=Timeout elapsed_ms=178337 timeout=8 saturated=0 processed=21423 generated=1984744 passive=68955 weight_discarded=0 lrs_discarded=1890537 fwd_subsumed=4034 shared_published=0 shared_imported=0,120.1,raw/mrs/ueq/SWV234-10.stdout,raw/mrs/ueq/SWV234-10.stderr,3003019f2026b567f9d34c4e8baa5573ded53bed28ff74e9159fd06ae94768f7,0fa007fdcc146f1b359701d13bb846ea4b7c97422d7875df15f692e4e5acd2f7
casc-j13,ueq,SWX201-1,mrs,180,Timeout,Unsatisfiable,unknown,178.418,11278,strategies=8 workers=8 strategy_ids=0:4;1:8;2:12;3:11;4:2;5:14;6:15;7:1 result=Timeout elapsed_ms=178232 timeout=8 saturated=0 processed=15524 generated=1800364 passive=83686 weight_discarded=441 lrs_discarded=1668610 fwd_subsumed=32830 shared_published=0 shared_imported=0,87.1,raw/mrs/ueq/SWX201-1.stdout,raw/mrs/ueq/SWX201-1.stderr,fb0e6ba52efdc85c5b520b69682fb6bf1cae3388d16aff3c735bbc7b046ac310,4851e5b90a07bedc3cdf3b10d57ef467f3510a9cfc05dd7c1a65b08da770d7f7
casc-j13,ueq,SWX202-1,mrs,180,Timeout,Unsatisfiable,unknown,178.395,11278,strategies=8 workers=8 strategy_ids=0:4;1:8;2:12;3:11;4:2;5:14;6:15;7:1 result=Timeout elapsed_ms=178205 timeout=8 saturated=0 processed=18419 generated=1669125 passive=58597 weight_discarded=7893 lrs_discarded=1559352 fwd_subsumed=33043 shared_published=0 shared_imported=0,103.4,raw/mrs/ueq/SWX202-1.stdout,raw/mrs/ueq/SWX202-1.stderr,6c2f583bd69eb30687b484b15aa31aef1e430a14eaa425ce1b13413381eb1730,79747aa25dfe771933ddd1aa2a156b29eed2aaceeceadd798a601be9acaa3351
casc-j13,ueq,SWX203-1,mrs,180,Unsatisfiable,Unsatisfiable,ok,57.114,8206,strategies=8 workers=8 strategy_ids=0:4;1:8;2:12;3:11;4:2;5:14;6:15;7:1 result=Refutation elapsed_ms=56983 timeout=7 saturated=0 processed=12441 generated=316682 passive=77465 weight_discarded=504 lrs_discarded=211234 fwd_subsumed=15799 shared_published=0 shared_imported=0 proof_nodes=102 proof_bytes=20138 proof_emitted=true,218.3,raw/mrs/ueq/SWX203-1.stdout,raw/mrs/ueq/SWX203-1.stderr,a7bad8b624924c56261f416ed8241efdc09ac56b34ce940fffefd4cc01683512,77f8265488de1a4079fa18cc1e860c56bb0d20486631cc123dea45e89c6a9a4d
casc-j13,ueq,SWX209-1,mrs,180,Timeout,Unsatisfiable,unknown,178.909,41347,strategies=8 workers=8 strategy_ids=0:4;1:8;2:12;3:11;4:2;5:14;6:15;7:1 result=Timeout elapsed_ms=178706 timeout=8 saturated=0 processed=28021 generated=1286159 passive=53961 weight_discarded=0 lrs_discarded=1128851 fwd_subsumed=76067 shared_published=0 shared_imported=0,156.8,raw/mrs/ueq/SWX209-1.stdout,raw/mrs/ueq/SWX209-1.stderr,5af5fe43a322569e56fa4ff51ee63789bc566f44a52509277d2b4b7037c9e946,14e5741fd3248892d181f64edcc9527f45bcf1219fbed267fe8fba18370b6ea8
casc-j13,ueq,SWX210-1,mrs,180,Timeout,Unsatisfiable,unknown,179.128,43395,strategies=8 workers=8 strategy_ids=0:4;1:8;2:12;3:11;4:2;5:14;6:15;7:1 result=Timeout elapsed_ms=178934 timeout=8 saturated=0 processed=28321 generated=1253732 passive=54077 weight_discarded=0 lrs_discarded=1103466 fwd_subsumed=68609 shared_published=0 shared_imported=0,158.3,raw/mrs/ueq/SWX210-1.stdout,raw/mrs/ueq/SWX210-1.stderr,4f4b4a148b273888a0ba8ccdcc9e12164d73abe065d857a0886d470a77d0b336,1dcf7de27a85ba4445bdacafa2a551f95a64e5104ac0ec09f59aee47c38efd8e
casc-j13,ueq,SWX212-1,mrs,180,Timeout,Unsatisfiable,unknown,178.842,38315,strategies=8 workers=8 strategy_ids=0:4;1:8;2:12;3:11;4:2;5:14;6:15;7:1 result=Timeout elapsed_ms=178648 timeout=8 saturated=0 processed=33557 generated=1316419 passive=57277 weight_discarded=0 lrs_discarded=1166702 fwd_subsumed=59607 shared_published=0 shared_imported=0,187.8,raw/mrs/ueq/SWX212-1.stdout,raw/mrs/ueq/SWX212-1.stderr,326dba2606bae9291e1ba3895fdd86672b7864e5747c309f2757106d13a5fdde,eddd305e3afa16e729f436fb63b1c1f9c67a7afbd301295e5ece53f80cbfba3c
casc-j13,ueq,SWX214-1,mrs,180,Timeout,Unsatisfiable,unknown,178.902,43395,strategies=8 workers=8 strategy_ids=0:4;1:8;2:12;3:11;4:2;5:14;6:15;7:1 result=Timeout elapsed_ms=178689 timeout=8 saturated=0 processed=27325 generated=1292493 passive=50947 weight_discarded=0 lrs_discarded=1143904 fwd_subsumed=71039 shared_published=0 shared_imported=0,152.9,raw/mrs/ueq/SWX214-1.stdout,raw/mrs/ueq/SWX214-1.stderr,07aa08b626121a8e6323310c737bb6f9cc90721ab6d2f9abf37e20ea668cfd60,00507e9e6ea57cb697dad3dca79a8c32412a400f9041dc4bf790b6c91539df6e
casc-j13,ueq,SWX239-1,mrs,180,Unsatisfiable,Unsatisfiable,ok,1.556,2125,strategies=8 workers=8 strategy_ids=0:4;1:8;2:12;3:11;4:2;5:14;6:15;7:1 result=Refutation elapsed_ms=1449 timeout=7 saturated=0 processed=3590 generated=63544 passive=57776 weight_discarded=0 lrs_discarded=0 fwd_subsumed=2923 shared_published=0 shared_imported=0 proof_nodes=41 proof_bytes=5985 proof_emitted=true,2477.6,raw/mrs/ueq/SWX239-1.stdout,raw/mrs/ueq/SWX239-1.stderr,7abc838a174716c00d35ebb78e63ff02d83a5b32468fafbba56b2fe77aec215f,ef67175c81829ee0f406579c395f66e0aab548285750b7fe94b10ef0e652c6a0
casc-j13,ueq,SYN563-10,mrs,180,Unsatisfiable,Unsatisfiable,ok,.157,2125,strategies=8 workers=8 strategy_ids=0:4;1:8;2:12;3:11;4:2;5:14;6:15;7:1 result=Refutation elapsed_ms=91 timeout=7 saturated=0 processed=672 generated=2608 passive=2094 weight_discarded=0 lrs_discarded=0 fwd_subsumed=25 shared_published=0 shared_imported=0 proof_nodes=74 proof_bytes=12244 proof_emitted=true,7384.6,raw/mrs/ueq/SYN563-10.stdout,raw/mrs/ueq/SYN563-10.stderr,d5dace63174ef603669b2bdb2d9a20a1c40affca803b324c5083c8e946ecb032,e75360c80e5eb9eb27c1cc833f8ba393a86ff820f7204b3403f86b70bcc1aa27
casc-j13,ueq,SYN598-10,mrs,180,Unsatisfiable,Unsatisfiable,ok,.598,2125,strategies=8 workers=8 strategy_ids=0:4;1:8;2:12;3:11;4:2;5:14;6:15;7:1 result=Refutation elapsed_ms=536 timeout=7 saturated=0 processed=1623 generated=10563 passive=9093 weight_discarded=0 lrs_discarded=0 fwd_subsumed=154 shared_published=0 shared_imported=0 proof_nodes=82 proof_bytes=14071 proof_emitted=true,3028.0,raw/mrs/ueq/SYN598-10.stdout,raw/mrs/ueq/SYN598-10.stderr,9d343db682673ee8d8edd152c09e2595acc5e54e05f6e288d128bec3e759c3b7,54137f28c47eb0ba91b37d6a6fee3fe6beaf2bf0e246d87fff618fcebd3b9515
casc-j13,ueq,SYN615-10,mrs,180,Timeout,Unsatisfiable,unknown,178.327,7182,strategies=8 workers=8 strategy_ids=0:4;1:8;2:12;3:11;4:2;5:14;6:15;7:1 result=Timeout elapsed_ms=178192 timeout=8 saturated=0 processed=23434 generated=1231419 passive=67479 weight_discarded=0 lrs_discarded=1134284 fwd_subsumed=6601 shared_published=0 shared_imported=0,131.5,raw/mrs/ueq/SYN615-10.stdout,raw/mrs/ueq/SYN615-10.stderr,ad6d46c56ec4bd26cda4ec209e7525efa1b92a31ec89b2fb1dfb160a964e40e6,dd3401dc9533c9c0b2747214c131339cd2decf540c2103dff519f6640dc9a863
casc-j13,ueq,SYN708-10,mrs,180,Unsatisfiable,Unsatisfiable,ok,1.827,2125,strategies=8 workers=8 strategy_ids=0:4;1:8;2:12;3:11;4:2;5:14;6:15;7:1 result=Refutation elapsed_ms=1723 timeout=7 saturated=0 processed=3509 generated=21049 passive=18827 weight_discarded=0 lrs_discarded=0 fwd_subsumed=149 shared_published=0 shared_imported=0 proof_nodes=37 proof_bytes=6705 proof_emitted=true,2036.6,raw/mrs/ueq/SYN708-10.stdout,raw/mrs/ueq/SYN708-10.stderr,ccba523f47831a5eeaf14074c784fc161b79493968dd22c3aaacb26ce2d64c03,031d0005b27bfc37a21a9990c9fe0136dbd5b629a21a44b69b6851ec88b6164c
casc-j13,ueq,TOP052-1,mrs,180,Unsatisfiable,Unsatisfiable,ok,166.608,19471,strategies=8 workers=8 strategy_ids=0:4;1:8;2:12;3:11;4:2;5:14;6:15;7:1 result=Refutation elapsed_ms=166516 timeout=7 saturated=0 processed=57431 generated=1591406 passive=58858 weight_discarded=3371 lrs_discarded=1460171 fwd_subsumed=16109 shared_published=0 shared_imported=0 proof_nodes=3544 proof_bytes=679234 proof_emitted=true,344.9,raw/mrs/ueq/TOP052-1.stdout,raw/mrs/ueq/TOP052-1.stderr,4f704c7860dc41eecb5450a0666c6c89f70ecba602f14876cc86856711ce151e,e1de0259f6037906262b970916e5084cfba6340436f763794d96807c0ad5802b
